m_chi_GeV,m_V_keV,alpha_chi,cooling_brem_r0p1,sigma_eff_cm2_per_g
31.622776601683793,0.0001,0.0001,5.326394348826079e-16,49.654007103123995
31.622776601683793,0.00017782794100389227,0.0001,5.323898921706468e-16,47.988838943231045
31.622776601683793,0.00031622776601683794,0.0001,5.319863894173135e-16,46.323670783338166
31.622776601683793,0.0005623413251903491,0.0001,5.312976668228278e-16,44.65850262344552
31.622776601683793,0.001,0.0001,5.301474448912658e-16,42.99333446355357
31.622776601683793,0.0017782794100389228,0.0001,5.283113521509604e-16,41.32816630366377
31.622776601683793,0.0031622776601683794,0.0001,5.252808802436339e-16,39.66299814378047
31.622776601683793,0.0031622776601683794,0.00015848931924611142,2.0911808497964376e-15,99.6289468703519
31.622776601683793,0.005623413251903491,0.0001,5.202574459644506e-16,37.997829983916915
31.622776601683793,0.005623413251903491,0.00015848931924611142,2.0711821977229663e-15,95.44623356340885
31.622776601683793,0.01,0.0001,5.124225078638878e-16,36.33266182411321
31.622776601683793,0.01,0.00015848931924611142,2.0399907473361983e-15,91.26352025661616
31.622776601683793,0.01778279410038923,0.0001,5.0008548633919e-16,34.66749366449058
31.622776601683793,0.01778279410038923,0.00015848931924611142,1.9908761800136477e-15,87.08080695027827
31.622776601683793,0.03162277660168379,0.0001,4.801908704825761e-16,33.00232550541457
31.622776601683793,0.03162277660168379,0.00015848931924611142,1.9116742877343944e-15,82.89809364531347
31.622776601683793,0.05623413251903491,0.0001,4.507386336618779e-16,31.337157347985087
31.622776601683793,0.05623413251903491,0.00015848931924611142,1.7944228210627976e-15,78.71538034448454
31.622776601683793,0.1,0.0001,4.0830058024236114e-16,29.671989195502906
31.622776601683793,0.1,0.00015848931924611142,1.6254738873563775e-15,74.53266705608267
31.622776601683793,0.1778279410038923,0.0001,3.4597074360838585e-16,28.006821057844892
31.622776601683793,0.1778279410038923,0.00015848931924611142,1.377334338322241e-15,70.34995380491743
31.622776601683793,0.31622776601683794,0.0001,2.6727551280514826e-16,26.34165296447015
31.622776601683793,0.31622776601683794,0.00015848931924611142,1.0640429816109272e-15,66.16724066498674
31.622776601683793,0.5623413251903491,0.0001,1.7904526381992753e-16,24.67648500292572
31.622776601683793,0.5623413251903491,0.00015848931924611142,7.127920338035587e-16,61.9845278561988
31.622776601683793,1.778279410038923e-06,0.0001,5.329925528607695e-16,61.31018422237491
31.622776601683793,3.162277660168379e-06,0.0001,5.329861039932526e-16,59.645016062481915
31.622776601683793,5.623413251903491e-06,0.0001,5.329754186292711e-16,57.97984790258892
31.622776601683793,1e-05,0.0001,5.329579063353016e-16,56.31467974269594
31.622776601683793,1.778279410038923e-05,0.0001,5.329264430310355e-16,54.649511582802944
31.622776601683793,3.1622776601683795e-05,0.0001,5.328741626930782e-16,52.98434342290996
31.622776601683793,5.623413251903491e-05,0.0001,5.327889419806326e-16,51.31917526301697
31.622776601683793,1.0,0.0001,9.024986706491945e-17,23.01131743231669
31.622776601683793,1.0,0.00015848931924611142,3.5929119220044383e-16,57.801816029396214
31.622776601683793,1.7782794100389228,0.0001,3.0177241099449953e-17,21.34615101589716
31.622776601683793,1.7782794100389228,0.00015848931924611142,1.2013776069212743e-16,53.61910710178656
31.622776601683793,3.1622776601683795,0.0001,5.244594471613783e-18,19.6809879898589
31.622776601683793,3.1622776601683795,0.00015848931924611142,2.0879106657946796e-17,49.436406690429614
31.622776601683793,5.623413251903491,0.0001,2.4280753205402544e-19,18.01583486457981
31.622776601683793,5.623413251903491,0.00015848931924611142,9.666341957510578e-19,45.25373114865529
31.622776601683793,1e-06,0.0001,5.329961038338017e-16,62.97535238226789
56.23413251903491,1e-06,0.0001,9.478198094915479e-17,11.494890673432272
56.23413251903491,1e-06,0.00015848931924611142,3.773338625512354e-16,28.873859914280565
56.23413251903491,1e-06,0.00025118864315095795,1.5021931637429425e-15,72.52785694398962
56.23413251903491,1.778279410038923e-06,0.0001,9.478159970786171e-17,11.198777248133261
56.23413251903491,1.778279410038923e-06,0.00015848931924611142,3.7733234480231055e-16,28.130056619084154
56.23413251903491,1.778279410038923e-06,0.00025118864315095795,1.5021871214756416e-15,70.65950753907364
56.23413251903491,3.162277660168379e-06,0.0001,9.478096824563885e-17,10.902663822834251
56.23413251903491,3.162277660168379e-06,0.00015848931924611142,3.77329830905922e-16,27.386253323887747
56.23413251903491,3.162277660168379e-06,0.00025118864315095795,1.5021771134738585e-15,68.79115813415767
56.23413251903491,5.623413251903491e-06,0.0001,9.477982145680651e-17,10.60655039753524
56.23413251903491,5.623413251903491e-06,0.00015848931924611142,3.773252654573493e-16,26.642450028691336
56.23413251903491,5.623413251903491e-06,0.00025118864315095795,1.5021589380957228e-15,66.9228087292417
56.23413251903491,1e-05,0.0001,9.477792130053082e-17,10.31043697223623
56.23413251903491,1e-05,0.00015848931924611142,3.7731770079896405e-16,25.898646733494925
56.23413251903491,1e-05,0.00025118864315095795,1.5021288226482633e-15,65.05445932432572
56.23413251903491,1.778279410038923e-05,0.0001,9.477480712535194e-17,10.01432354693722
56.23413251903491,1.778279410038923e-05,0.00015848931924611142,3.7730530304427337e-16,25.154843438298514
56.23413251903491,1.778279410038923e-05,0.00025118864315095795,1.5020794662978521e-15,63.186109919409745
56.23413251903491,3.1622776601683795e-05,0.0001,9.476921207073714e-17,9.71821012163821
56.23413251903491,3.1622776601683795e-05,0.00015848931924611142,3.7728302873065544e-16,24.411040143102102
56.23413251903491,3.1622776601683795e-05,0.00025118864315095795,1.5019907906581475e-15,61.31776051449377
56.23413251903491,5.623413251903491e-05,0.0001,9.47599151658832e-17,9.4220966963392
56.23413251903491,5.623413251903491e-05,0.00015848931924611142,3.7724601708579235e-16,23.667236847905695
56.23413251903491,5.623413251903491e-05,0.00025118864315095795,1.5018434446460079e-15,59.449411109577795
56.23413251903491,0.0001,0.0001,9.474476054205812e-17,9.12598327104019
56.23413251903491,0.0001,0.00015848931924611142,3.771856854416743e-16,22.923433552709287
56.23413251903491,0.0001,0.00025118864315095795,1.501603260044661e-15,57.58106170466183
56.23413251903491,0.00017782794100389227,0.0001,9.471817400265092e-17,8.829869845741182
56.23413251903491,0.00017782794100389227,0.00015848931924611142,3.770798425218922e-16,22.17963025751288
56.23413251903491,0.00017782794100389227,0.00025118864315095795,1.5011818917914853e-15,55.71271229974587
56.23413251903491,0.00031622776601683794,0.0001,9.467379833599034e-17,8.533756420442177
56.23413251903491,0.00031622776601683794,0.00015848931924611142,3.7690317981093557e-16,21.435826962316487
56.23413251903491,0.00031622776601683794,0.00025118864315095795,1.5004785848714726e-15,53.84436289482993
56.23413251903491,0.0005623413251903491,0.0001,9.460204427217568e-17,8.237642995143187
56.23413251903491,0.0005623413251903491,0.00015848931924611142,3.7661752173772587e-16,20.692023667120125
56.23413251903491,0.0005623413251903491,0.00025118864315095795,1.4993413595987599e-15,51.97601348991408
56.23413251903491,0.001,0.0001,9.447957015127544e-17,7.941529569844238
56.23413251903491,0.001,0.00015848931924611142,3.761299434803496e-16,19.94822037192387
56.23413251903491,0.001,0.00025118864315095795,1.4974002755940854e-15,50.10766408499849
56.23413251903491,0.0017782794100389228,0.0001,9.427502855348824e-17,7.645416144545413
56.23413251903491,0.0017782794100389228,0.00015848931924611142,3.753156487127941e-16,19.204417076727925
56.23413251903491,0.0017782794100389228,0.00025118864315095795,1.494158509735005e-15,48.23931468008369
56.23413251903491,0.0031622776601683794,0.0001,9.394851996198753e-17,7.349302719246969
56.23413251903491,0.0031622776601683794,0.00015848931924611142,3.740157945975565e-16,18.46061378153294
56.23413251903491,0.0031622776601683794,0.00025118864315095795,1.4889836972955092e-15,46.37096527517129
56.23413251903491,0.005623413251903491,0.0001,9.340961738243753e-17,7.053189293949681
56.23413251903491,0.005623413251903491,0.00015848931924611142,3.7187038478607024e-16,17.716810486340854
56.23413251903491,0.005623413251903491,0.00025118864315095795,1.480442666998224e-15,44.502615870266176
56.23413251903491,0.01,0.0001,9.251631040780202e-17,6.757075868655906
56.23413251903491,0.01,0.00015848931924611142,3.6831406566499177e-16,16.973007191157592
56.23413251903491,0.01,0.00025118864315095795,1.4662847055694457e-15,42.63426646538323
56.23413251903491,0.01778279410038923,0.0001,9.112303949748596e-17,6.4609624433727735
56.23413251903491,0.01778279410038923,0.00015848931924611142,3.6276735426578754e-16,16.229203896001067
56.23413251903491,0.01778279410038923,0.00025118864315095795,1.4442028497593055e-15,40.76591706056744
56.23413251903491,0.03162277660168379,0.0001,8.892917236162826e-17,6.164849018121839
56.23413251903491,0.03162277660168379,0.00015848931924611142,3.5403341188552137e-16,15.485400600925416
56.23413251903491,0.03162277660168379,0.00025118864315095795,1.409432398871455e-15,38.8975676559548
56.23413251903491,0.03162277660168379,0.00039810717055349735,5.61105144401144e-15,97.70627241371886
56.23413251903491,0.05623413251903491,0.0001,8.539135378678321e-17,5.86873559296811
56.23413251903491,0.05623413251903491,0.00015848931924611142,3.3994910245788966e-16,14.741597306093938
56.23413251903491,0.05623413251903491,0.00025118864315095795,1.3533617531171111e-15,37.02921825195549
56.23413251903491,0.05623413251903491,0.00039810717055349735,5.387830182687746e-15,93.01319089649398
56.23413251903491,0.1,0.0001,8.015392315499943e-17,5.572622168107181
56.23413251903491,0.1,0.00015848931924611142,3.190985155599931e-16,13.997794011997938
56.23413251903491,0.1,0.00025118864315095795,1.270354071574097e-15,35.16086884980362
56.23413251903491,0.1,0.00039810717055349735,5.057370650354795e-15,88.32010938390965
56.23413251903491,0.1778279410038923,0.0001,7.260725149519357e-17,5.276508744126019
56.23413251903491,0.1778279410038923,0.00015848931924611142,2.890546745441773e-16,13.253990720111814
56.23413251903491,0.1778279410038923,0.00025118864315095795,1.150747386180442e-15,33.29251945320271
56.23413251903491,0.1778279410038923,0.00039810717055349735,4.581207859341291e-15,83.62702788526872
56.23413251903491,0.31622776601683794,0.0001,6.152326498346478e-17,4.98039532278101
56.23413251903491,0.31622776601683794,0.00015848931924611142,2.449285294578025e-16,12.510187434847403
56.23413251903491,0.31622776601683794,0.00025118864315095795,9.750780385027444e-16,31.424170073234787
56.23413251903491,0.31622776601683794,0.00039810717055349735,3.881855589771822e-15,78.93394642840795
56.23413251903491,0.5623413251903491,0.0001,4.752905412289896e-17,4.684281909310802
56.23413251903491,0.5623413251903491,0.00015848931924611142,1.892165725595136e-16,11.7663841693636
56.23413251903491,0.5623413251903491,0.00025118864315095795,7.532847432349832e-16,29.555820742953514
56.23413251903491,0.5623413251903491,0.00039810717055349735,2.9988805775039725e-15,74.2408650963544
56.23413251903491,1.0,0.0001,3.18392506115964e-17,4.388168519283707
56.23413251903491,1.0,0.00015848931924611142,1.2675433973526363e-16,11.022580962766238
56.23413251903491,1.0,0.00025118864315095795,5.046181154738243e-16,27.68747156058828
56.23413251903491,1.0,0.00039810717055349735,2.0089209016132242e-15,69.54778413584914
100.0,5.623413251903491e-06,0.0001,1.6854704429477254e-17,1.93879825907224
100.0,5.623413251903491e-06,0.00015848931924611142,6.709978690934694e-17,4.870041040397959
100.0,5.623413251903491e-06,0.00025118864315095795,2.671290631122265e-16,12.232990010270415
100.0,5.623413251903491e-06,0.00039810717055349735,1.0634599548821524e-15,30.727881623590523
100.0,5.623413251903491e-06,0.000630957344480193,4.233710336350827e-15,77.1849489193295
100.0,1e-05,0.0001,1.685450049838043e-17,1.886141018347707
100.0,1e-05,0.00015848931924611142,6.709897504502751e-17,4.737772031901271
100.0,1e-05,0.00025118864315095795,2.671258310221557e-16,11.90074528251836
100.0,1e-05,0.00039810717055349735,1.0634470876998217e-15,29.89332060000954
100.0,1e-05,0.000630957344480193,4.23365911117532e-15,75.08862640792968
100.0,1.778279410038923e-05,0.0001,1.685416259750234e-17,1.833483777623174
100.0,1.778279410038923e-05,0.00015848931924611142,6.709762983740246e-17,4.605503023404583
100.0,1.778279410038923e-05,0.00025118864315095795,2.671204756541415e-16,11.568500554766304
100.0,1.778279410038923e-05,0.00039810717055349735,1.0634257675957478e-15,29.05875957642856
100.0,1.778279410038923e-05,0.000630957344480193,4.233574234312232e-15,72.99230389652988
100.0,3.1622776601683795e-05,0.0001,1.6853608810142354e-17,1.7808265368986411
100.0,3.1622776601683795e-05,0.00015848931924611142,6.709542517021275e-17,4.473234014907895
100.0,3.1622776601683795e-05,0.00025118864315095795,2.6711169871597244e-16,11.236255827014249
100.0,3.1622776601683795e-05,0.00039810717055349735,1.0633908259755416e-15,28.224198552847575
100.0,3.1622776601683795e-05,0.000630957344480193,4.2334351292166845e-15,70.89598138513006
100.0,5.623413251903491e-05,0.0001,1.68526138531004e-17,1.7281692961741084
100.0,5.623413251903491e-05,0.00015848931924611142,6.709146417488479e-17,4.340965006411207
100.0,5.623413251903491e-05,0.00025118864315095795,2.670959297095466e-16,10.904011099262194
100.0,5.623413251903491e-05,0.00039810717055349735,1.0633280484302353e-15,27.389637529266594
100.0,5.623413251903491e-05,0.000630957344480193,4.233185207307322e-15,68.79965887373024
100.0,0.0001,0.0001,1.6850960603652513e-17,1.6755120554495755
100.0,0.0001,0.00015848931924611142,6.708488247028562e-17,4.2086959979145195
100.0,0.0001,0.00025118864315095795,2.6706972747159264e-16,10.571766371510138
100.0,0.0001,0.00039810717055349735,1.063223735442095e-15,26.555076505685612
100.0,0.0001,0.000630957344480193,4.232769929821718e-15,66.70333636233043
100.0,0.00017782794100389227,0.0001,1.684826568810101e-17,1.6228548147250428
100.0,0.00017782794100389227,0.00015848931924611142,6.707415381823473e-17,4.076426989417832
100.0,0.00017782794100389227,0.00025118864315095795,2.670270159384743e-16,10.239521643758085
100.0,0.00017782794100389227,0.00039810717055349735,1.0630536977660977e-15,25.72051548210463
100.0,0.00017782794100389227,0.000630957344480193,4.2320929976409296e-15,64.60701385093061
100.0,0.00031622776601683794,0.0001,1.6843537858539812e-17,1.5701975740005103
100.0,0.00031622776601683794,0.00015848931924611142,6.705533198974004e-17,3.944157980921145
100.0,0.00031622776601683794,0.00025118864315095795,2.6695208488960764e-16,9.907276916006031
100.0,0.00031622776601683794,0.00039810717055349735,1.0627553918875887e-15,24.885954458523653
100.0,0.00031622776601683794,0.000630957344480193,4.230905420548402e-15,62.510691339530815
100.0,0.0005623413251903491,0.0001,1.6835646625106887e-17,1.5175403332759785
100.0,0.0005623413251903491,0.00015848931924611142,6.702391642359846e-17,3.81188897242446
100.0,0.0005623413251903491,0.00025118864315095795,2.6682701726812803e-16,9.575032188253983
100.0,0.0005623413251903491,0.00039810717055349735,1.0622574887184376e-15,24.05139343494269
100.0,0.0005623413251903491,0.000630957344480193,4.228923232329598e-15,60.414368828131046
100.0,0.001,0.0001,1.6822886747680062e-17,1.4648830925514493
100.0,0.001,0.00015848931924611142,6.697311843660844e-17,3.679619963927781
100.0,0.001,0.00025118864315095795,2.666247868394239e-16,9.242787460501951
100.0,0.001,0.00039810717055349735,1.0614523948807253e-15,23.21683241136176
100.0,0.001,0.000630957344480193,4.225718096031982e-15,58.318046316731376
100.0,0.0017782794100389228,0.0001,1.680110742693411e-17,1.4122258518269273
100.0,0.0017782794100389228,0.00015848931924611142,6.688641339902095e-17,3.54735095543112
100.0,0.0017782794100389228,0.00025118864315095795,2.6627960786755705e-16,8.910542732749963
100.0,0.0017782794100389228,0.00039810717055349735,1.0600782126424805e-15,22.38227138778095
100.0,0.0017782794100389228,0.000630957344480193,4.220247378005057e-15,56.22172380533199
100.0,0.0031622776601683794,0.0001,1.6764734215749966e-17,1.3595686111024274
100.0,0.0031622776601683794,0.00015848931924611142,6.674160903713632e-17,3.415081946934515
100.0,0.0031622776601683794,0.00025118864315095795,2.6570313131962007e-16,8.578298004998116
100.0,0.0031622776601683794,0.00039810717055349735,1.057783218168584e-15,21.54771036420049
100.0,0.0031622776601683794,0.000630957344480193,4.2111108404406685e-15,54.12540129393349
100.0,0.005623413251903491,0.0001,1.6706671865203315e-17,1.306911370377995
100.0,0.005623413251903491,0.00015848931924611142,6.651045865621818e-17,3.28281293843808
100.0,0.005623413251903491,0.00025118864315095795,2.6478290507842323e-16,8.246053277246697
100.0,0.005623413251903491,0.00039810717055349735,1.0541197315170646e-15,20.713149340621104
100.0,0.005623413251903491,0.000630957344480193,4.1965262373886995e-15,52.02907878253768
100.0,0.01,0.0001,1.6610839929080252e-17,1.2542541296537686
100.0,0.01,0.00015848931924611142,6.612894484683201e-17,3.1505439299421614
100.0,0.01,0.00025118864315095795,2.6326407124660516e-16,7.913808549496574
100.0,0.01,0.00039810717055349735,1.0480731451238043e-15,19.878588317044976
100.0,0.01,0.000630957344480193,4.172454343383418e-15,49.93275627115006
100.0,0.01778279410038923,0.0001,1.6451984989096397e-17,1.2015968889301665
100.0,0.01778279410038923,0.00015848931924611142,6.549653193997783e-17,3.0182749214478117
100.0,0.01778279410038923,0.00025118864315095795,2.6074639011691284e-16,7.581563821750392
100.0,0.01778279410038923,0.00039810717055349735,1.038050076014827e-15,19.044027293478745
100.0,0.01778279410038923,0.000630957344480193,4.132551786551047e-15,47.836433759787305
100.0,0.03162277660168379,0.0001,1.6204222491854282e-17,1.1489396482084573
100.0,0.03162277660168379,0.00015848931924611142,6.451017167251456e-17,2.886005912958216
100.0,0.03162277660168379,0.00025118864315095795,2.568196191646509e-16,7.249319094016152
100.0,0.03162277660168379,0.00039810717055349735,1.0224173192826602e-15,18.20946626994251
100.0,0.03162277660168379,0.000630957344480193,4.070316661045107e-15,45.7401112484999
100.0,0.05623413251903491,0.0001,1.5814091616248598e-17,1.0962824074924735
100.0,0.05623413251903491,0.00015848931924611142,6.295703268218519e-17,2.753736904483003
100.0,0.05623413251903491,0.00025118864315095795,2.5063646147548747e-16,6.9170743663180385
100.0,0.05623413251903491,0.00039810717055349735,9.97801725155471e-16,17.374905246497026
100.0,0.05623413251903491,0.000630957344480193,3.97232021575042e-15,43.64378873744044
100.0,0.1,0.0001,1.5184968623438577e-17,1.043625166793776
100.0,0.1,0.00015848931924611142,6.045244893620774e-17,2.62146789605121
100.0,0.1,0.00025118864315095795,2.4066553399023387e-16,6.584829638728992
100.0,0.1,0.00039810717055349735,9.581067478659866e-16,16.5403442233255
100.0,0.1,0.000630957344480193,3.814291664811402e-15,41.54746622706914
100.0,0.1778279410038923,0.0001,1.4253607118037754e-17,0.990967926147146
100.0,0.1778279410038923,0.00015848931924611142,5.674463199943206e-17,2.489198887750206
100.0,0.1778279410038923,0.00025118864315095795,2.259044488939329e-16,6.252584911468472
100.0,0.1778279410038923,0.00039810717055349735,8.993418096461087e-16,15.7057832009792
100.0,0.1778279410038923,0.000630957344480193,3.580344231986735e-15,39.451143718770695
100.0,0.1778279410038923,0.001,1.4253607118037752e-14,99.0967926147146
100.0,0.31622776601683794,0.0001,1.2911598035342053e-17,0.9383106856569635
100.0,0.31622776601683794,0.00015848931924611142,5.140199761174125e-17,2.3569298798421796
100.0,0.31622776601683794,0.00025118864315095795,2.0463503830007892e-16,5.920340185195068
100.0,0.31622776601683794,0.00039810717055349735,8.146667609375108e-16,14.871222181112419
100.0,0.31622776601683794,0.000630957344480193,3.243246791408141e-15,37.354821216700536
100.0,0.31622776601683794,0.001,1.2911598035342052e-14,93.83106856569636
100.0,0.5623413251903491,0.0001,1.0940555535846406e-17,0.8856534456355624
100.0,0.5623413251903491,0.00015848931924611142,4.355513608659219e-17,2.2246608731116786
100.0,0.5623413251903491,0.00025118864315095795,1.7339611990505704e-16,5.588095461879473
100.0,0.5623413251903491,0.00039810717055349735,6.90302386803573e-16,14.036661168675323
100.0,0.5623413251903491,0.000630957344480193,2.7481433003669575e-15,35.2584987332929
100.0,0.5623413251903491,0.001,1.0940555535846406e-14,88.56534456355624
100.0,1.0,0.0001,8.451993832537679e-18,0.8329962070145212
100.0,1.0,0.00015848931924611142,3.364799350207189e-17,2.0923918698987225
100.0,1.0,0.00025118864315095795,1.3395507487912273e-16,5.255850747399553
100.0,1.0,0.00039810717055349735,5.332847584140948e-16,13.202100178432435
100.0,1.0,0.000630957344480193,2.1230448627154022e-15,33.162176305634596
100.0,1.0,0.001,8.451993832537679e-15,83.29962070145211
100.0,1.7782794100389228,0.0001,5.661908379367105e-18,0.7803389725623204
100.0,1.7782794100389228,0.00015848931924611142,2.254046324842978e-17,1.9601228771574206
100.0,1.7782794100389228,0.00025118864315095795,8.973520046797453e-17,4.923606059223237
100.0,1.7782794100389228,0.00039810717055349735,3.5724226757356256e-16,12.367539254261217
100.0,1.7782794100389228,0.000630957344480193,1.4222070834582607e-15,31.06585404394082
100.0,1.7782794100389228,0.001,5.661908379367105e-15,78.03389725623204
56.23413251903491,1.7782794100389228,0.0001,1.6048948036029615e-17,4.09205519877585
56.23413251903491,1.7782794100389228,0.00015848931924611142,6.389201292983864e-17,10.278777930793305
56.23413251903491,1.7782794100389228,0.00025118864315095795,2.5435868488465473e-16,25.819122816859785
56.23413251903491,1.7782794100389228,0.00039810717055349735,1.0126201634513866e-15,64.85470427714957
56.23413251903491,3.1622776601683795,0.0001,5.366356649893219e-18,3.7959420835151354
56.23413251903491,3.1622776601683795,0.00015848931924611142,2.1363850620699365e-17,9.53497541437788
56.23413251903491,3.1622776601683795,0.00025118864315095795,8.505102122734183e-17,23.950775368153202
56.23413251903491,3.1622776601683795,0.00039810717055349735,3.385942141350254e-16,60.16162767139796
56.23413251903491,5.623413251903491,0.0001,9.326354362874752e-19,3.4998295711589402
56.23413251903491,5.623413251903491,0.00015848931924611142,3.712888546983337e-18,8.791174412390141
56.23413251903491,5.623413251903491,0.00025118864315095795,1.478127554020019e-17,22.082431723516972
56.23413251903491,5.623413251903491,0.00039810717055349735,5.884531782480723e-17,55.46856062103905
56.23413251903491,10.0,0.0001,4.317796348540403e-20,3.2037188194343638
56.23413251903491,10.0,0.00015848931924611142,1.718945687343644e-19,8.047377832909074
56.23413251903491,10.0,0.00025118864315095795,6.843246039235132e-19,20.21409918771525
56.23413251903491,10.0,0.00039810717055349735,2.7243453180813293e-18,50.7755214748108
56.23413251903491,17.78279410038923,0.00039810717055349735,1.536766665834343e-20,46.08256325588002
100.0,3.1622776601683795,0.0001,2.8539513845256056e-18,0.7276817504725827
100.0,3.1622776601683795,0.00015848931924611142,1.1361785105907262e-17,1.8278539154692217
100.0,3.1622776601683795,0.00025118864315095795,4.523208120949598e-17,4.591361449048791
100.0,3.1622776601683795,0.00039810717055349735,1.8007215868558481e-16,11.532978526021834
100.0,3.1622776601683795,0.000630957344480193,7.168801758977839e-16,28.969532274405562
100.0,3.1622776601683795,0.001,2.8539513845256054e-15,72.76817504725825
100.0,5.623413251903491,0.0001,9.542881537430563e-19,0.6750245648815214
100.0,5.623413251903491,0.00015848931924611142,3.7990895677936945e-18,1.6955850454615533
100.0,5.623413251903491,0.00025118864315095795,1.5124447985136533e-17,4.259117069165424
100.0,5.623413251903491,0.00039810717055349735,6.021151193546256e-17,10.69841837624749
100.0,5.623413251903491,0.000630957344480193,2.3970634651375083e-16,26.873211957908786
100.0,5.623413251903491,0.001,9.542881537430564e-16,67.50245648815213
100.0,10.0,0.0001,1.658486393422685e-19,0.6223674865037296
100.0,10.0,0.00015848931924611142,6.602553254869802e-19,1.5633164447614416
100.0,10.0,0.00025118864315095795,2.6285237947249955e-18,3.926873365752056
100.0,10.0,0.00039810717055349735,1.0464341706505111e-17,9.863859925688955
100.0,10.0,0.000630957344480193,4.165929468481696e-17,24.77689590964915
100.0,10.0,0.001,1.6584863934226848e-16,62.23674865037297
100.0,17.78279410038923,0.00015848931924611142,3.056765722778406e-20,1.4310486305065855
100.0,17.78279410038923,0.00025118864315095795,1.2169203529402247e-19,3.594631637799854
100.0,17.78279410038923,0.00039810717055349735,4.844647184979968e-19,9.029306437264522
100.0,17.78279410038923,0.000630957344480193,1.9286887831423366e-18,22.680592325706826
100.0,17.78279410038923,0.001,7.678248343350642e-18,56.971072121543344
100.0,31.622776601683793,0.000630957344480193,1.087947482659488e-20,20.584324890660444
100.0,31.622776601683793,0.001,4.3311969403236937e-20,51.70548639463493
100.0,1e-06,0.0001,1.685492529954084e-17,2.0967699812458385
100.0,1e-06,0.00015848931924611142,6.710066620890769e-17,5.266848065888023
100.0,1e-06,0.00025118864315095795,2.671325636668285e-16,13.22972419352658
100.0,1e-06,0.00039810717055349735,1.063473890841032e-15,33.23156469433347
100.0,1e-06,0.000630957344480193,4.233765816402412e-15,83.47391645352894
100.0,1.778279410038923e-06,0.0001,1.685488451645834e-17,2.0441127405213058
100.0,1.778279410038923e-06,0.00015848931924611142,6.710050384853189e-17,5.134579057391335
100.0,1.778279410038923e-06,0.00025118864315095795,2.6713191729853026e-16,12.897479465774525
100.0,1.778279410038923e-06,0.00039810717055349735,1.0634713176024887e-15,32.39700367075249
100.0,1.778279410038923e-06,0.000630957344480193,4.233755572155255e-15,81.37759394212914
100.0,3.162277660168379e-06,0.0001,1.6854816721104168e-17,1.9914554997967728
100.0,3.162277660168379e-06,0.00015848931924611142,6.710023395036562e-17,5.002310048894647
100.0,3.162277660168379e-06,0.00025118864315095795,2.671308428145772e-16,12.56523473802247
100.0,3.162277660168379e-06,0.00039810717055349735,1.063467040004825e-15,31.56244264717151
100.0,3.162277660168379e-06,0.000630957344480193,4.233738542732229e-15,79.28127143072932
177.82794100389228,1e-06,0.0001,2.9972807019650635e-18,0.38222821722070727
177.82794100389228,1e-06,0.00015848931924611142,1.1932389396139129e-17,0.9601138725767918
177.82794100389228,1e-06,0.00025118864315095795,4.750369780439493e-17,2.411697009229758
177.82794100389228,1e-06,0.00039810717055349735,1.8911562723736072e-16,6.0579089943964695
177.82794100389228,1e-06,0.000630957344480193,7.528828726691542e-16,15.216779406344317
177.82794100389228,1e-06,0.001,2.997280701965063e-15,38.22282172207073
177.82794100389228,1e-06,0.001584893192461114,1.1932389396139127e-14,96.01138725767917
177.82794100389228,1.778279410038923e-06,0.0001,2.99727666179176e-18,0.3728642885237173
177.82794100389228,1.778279410038923e-06,0.00015848931924611142,1.1932373311919505e-17,0.9365927471371995
177.82794100389228,1.778279410038923e-06,0.00025118864315095795,4.750363377196328e-17,2.3526146133842114
177.82794100389228,1.778279410038923e-06,0.00039810717055349735,1.8911537231965883e-16,5.909500725930963
177.82794100389228,1.778279410038923e-06,0.000630957344480193,7.52881857823504e-16,14.84399469046198
177.82794100389228,1.778279410038923e-06,0.001,2.9972766617917598e-15,37.28642885237173
177.82794100389228,1.778279410038923e-06,0.001584893192461114,1.1932373311919503e-14,93.65927471371994
177.82794100389228,3.162277660168379e-06,0.0001,2.9972694094201714e-18,0.3635003598267273
177.82794100389228,3.162277660168379e-06,0.00015848931924611142,1.1932344439708176e-17,0.9130716216976071
177.82794100389228,3.162277660168379e-06,0.00025118864315095795,4.750351882961968e-17,2.2935322175386648
177.82794100389228,3.162277660168379e-06,0.00039810717055349735,1.8911491472594697e-16,5.761092457465455
177.82794100389228,3.162277660168379e-06,0.000630957344480193,7.52880036110125e-16,14.471209974579642
177.82794100389228,3.162277660168379e-06,0.001,2.997269409420171e-15,36.35003598267273
177.82794100389228,3.162277660168379e-06,0.001584893192461114,1.1932344439708174e-14,91.3071621697607
177.82794100389228,5.623413251903491e-06,0.0001,2.997257353511929e-18,0.3541364311297373
177.82794100389228,5.623413251903491e-06,0.00015848931924611142,1.1932296444272988e-17,0.8895504962580147
177.82794100389228,5.623413251903491e-06,0.00025118864315095795,4.7503327756350656e-17,2.2344498216931177
177.82794100389228,5.623413251903491e-06,0.00039810717055349735,1.8911415404956196e-16,5.612684188999949
177.82794100389228,5.623413251903491e-06,0.000630957344480193,7.528770078028917e-16,14.098425258697304
177.82794100389228,5.623413251903491e-06,0.001,2.997257353511929e-15,35.41364311297373
177.82794100389228,5.623413251903491e-06,0.001584893192461114,1.1932296444272984e-14,88.95504962580146
177.82794100389228,1e-05,0.0001,2.997237384923123e-18,0.3447725024327473
177.82794100389228,1e-05,0.00015848931924611142,1.1932216947889092e-17,0.8660293708184225
177.82794100389228,1e-05,0.00025118864315095795,4.7503011275546036e-17,2.175367425847571
177.82794100389228,1e-05,0.00039810717055349735,1.8911289411678537e-16,5.464275920534441
177.82794100389228,1e-05,0.000630957344480193,7.528719919201638e-16,13.725640542814967
177.82794100389228,1e-05,0.001,2.9972373849231226e-15,34.47725024327473
177.82794100389228,1e-05,0.001584893192461114,1.193221694788909e-14,86.60293708184223
177.82794100389228,0.1,0.0001,2.8121873509644033e-18,0.1949496432831766
177.82794100389228,0.1,0.00015848931924611142,1.1195519493587746e-17,0.48969136379064443
177.82794100389228,0.1,0.00025118864315095795,4.457016588468731e-17,1.2300490923331397
177.82794100389228,0.1,0.00039810717055349735,1.7743702631452902e-16,3.0897436251222916
177.82794100389228,0.1,0.000630957344480193,7.063895249750344e-16,7.761085088787897
177.82794100389228,0.1,0.001,2.812187350964403e-15,19.49496432831766
177.82794100389228,0.1,0.001584893192461114,1.1195519493587744e-14,48.96913637906444
177.82794100389228,0.1778279410038923,0.0001,2.7003117045147908e-18,0.18558571459078083
177.82794100389228,0.1778279410038923,0.00015848931924611142,1.0750134522968761e-17,0.46617023836259225
177.82794100389228,0.1778279410038923,0.00025118864315095795,4.279705638008554e-17,1.1709666965165806
177.82794100389228,0.1778279410038923,0.00039810717055349735,1.703781502349438e-16,2.941335356729598
177.82794100389228,0.1778279410038923,0.000630957344480193,6.782876331417201e-16,7.388300373088458
177.82794100389228,0.1778279410038923,0.001,2.7003117045147906e-15,18.55857145907808
177.82794100389228,0.1778279410038923,0.001584893192461114,1.0750134522968758e-14,46.61702383625922
177.82794100389228,0.31622776601683794,0.0001,2.534689605679077e-18,0.17622178590764417
177.82794100389228,0.31622776601683794,0.00015848931924611142,1.0090781071482582e-17,0.4426491129577979
177.82794100389228,0.31622776601683794,0.00025118864315095795,4.01721230104271e-17,1.1118843007584425
177.82794100389228,0.31622776601683794,0.00039810717055349735,1.5992810226808196e-16,2.7929270884836517
177.82794100389228,0.31622776601683794,0.000630957344480193,6.366852428593633e-16,7.015515657757631
177.82794100389228,0.31622776601683794,0.001,2.534689605679077e-15,17.622178590764417
177.82794100389228,0.31622776601683794,0.001584893192461114,1.009078107148258e-14,44.26491129577978
177.82794100389228,0.5623413251903491,0.0001,2.2960428936947782e-18,0.16685785725232824
177.82794100389228,0.5623413251903491,0.00015848931924611142,9.140711398782936e-18,0.419127987622886
177.82794100389228,0.5623413251903491,0.00025118864315095795,3.638982751815567e-17,1.0528019051758413
177.82794100389228,0.5623413251903491,0.00039810717055349735,1.4487051270182768e-16,2.6445188206786336
177.82794100389228,0.5623413251903491,0.000630957344480193,5.7673989908358985e-16,6.642730943534367
177.82794100389228,0.5623413251903491,0.001,2.296042893694778e-15,16.685785725232822
177.82794100389228,0.5623413251903491,0.001584893192461114,9.140711398782933e-15,41.912798762288595
177.82794100389228,1.0,0.0001,1.9455364643783018e-18,0.1574939286803747
177.82794100389228,1.0,0.00015848931924611142,7.745320170423016e-18,0.3956068624973711
177.82794100389228,1.0,0.00025118864315095795,3.083467498078032e-17,0.9937195101192212
177.82794100389228,1.0,0.00039810717055349735,1.2275505211535182e-16,2.496110554194821
177.82794100389228,1.0,0.000630957344480193,4.886966646878971e-16,6.269946232629821
177.82794100389228,1.0,0.001,1.9455364643783018e-15,15.74939286803747
177.82794100389228,1.0,0.001584893192461114,7.745320170423014e-15,39.5606862497371
177.82794100389228,1.0,0.002511886431509582,3.083467498078041e-14,99.37195101192232
177.82794100389228,1.7782794100389228,0.0001,1.503000660617772e-18,0.1481300003574443
177.82794100389228,1.7782794100389228,0.00015848931924611142,5.9835534033857905e-18,0.37208573799737393
177.82794100389228,1.7782794100389228,0.00025118864315095795,2.382095515277661e-17,0.9346371166338309
177.82794100389228,1.7782794100389228,0.00039810717055349735,9.483293055753661e-17,2.347702291657759
177.82794100389228,1.7782794100389228,0.000630957344480193,3.7753669659557114e-16,5.897161531639064
177.82794100389228,1.7782794100389228,0.001,1.5030006606177718e-15,14.81300003574443
177.82794100389228,1.7782794100389228,0.001584893192461114,5.9835534033857896e-15,37.20857379973739
177.82794100389228,1.7782794100389228,0.002511886431509582,2.3820955152776683e-14,93.46371166338328
177.82794100389228,3.1622776601683795,0.0001,1.006845509255537e-18,0.13876607277585024
177.82794100389228,3.1622776601683795,0.00015848931924611142,4.0083241687421735e-18,0.34856461535952943
177.82794100389228,3.1622776601683795,0.00025118864315095795,1.5957425934791424e-17,0.8755547278259566
177.82794100389228,3.1622776601683795,0.00039810717055349735,6.352765688216818e-17,2.1992940408700856
177.82794100389228,3.1622776601683795,0.000630957344480193,2.529081573325333e-16,5.5243768601614365
177.82794100389228,3.1622776601683795,0.001,1.006845509255537e-15,13.876607277585022
177.82794100389228,3.1622776601683795,0.001584893192461114,4.008324168742173e-15,34.85646153595294
177.82794100389228,3.1622776601683795,0.002511886431509582,1.5957425934791472e-14,87.55547278259583
177.82794100389228,5.623413251903491,0.0001,5.075122984353961e-19,0.1294021473926475
177.82794100389228,5.623413251903491,0.00015848931924611142,2.0204428515121786e-18,0.3250434982437943
177.82794100389228,5.623413251903491,0.00025118864315095795,8.043527868805516e-18,0.8164723528889938
177.82794100389228,5.623413251903491,0.00039810717055349735,3.20218612111837e-17,2.0508858249245674
177.82794100389228,5.623413251903491,0.000630957344480193,1.2748132562641104e-16,5.1515922762033455
177.82794100389228,5.623413251903491,0.001,5.075122984353961e-16,12.940214739264748
177.82794100389228,5.623413251903491,0.001584893192461114,2.020442851512178e-15,32.504349824379425
177.82794100389228,0.001,0.0001,2.9938483748118855e-18,0.26986107285682776
177.82794100389228,0.001,0.00015848931924611142,1.1918725055625473e-17,0.6778603673016844
177.82794100389228,0.001,0.00025118864315095795,4.744929908500122e-17,1.702708259083199
177.82794100389228,0.001,0.00039810717055349735,1.8889906203476508e-16,4.27700977281039
177.82794100389228,0.001,0.000630957344480193,7.520207110686973e-16,10.743362815756278
177.82794100389228,0.001,0.001,2.9938483748118853e-15,26.986107285682774
177.82794100389228,0.001,0.001584893192461114,1.191872505562547e-14,67.78603673016843
177.82794100389228,0.0017782794100389228,0.0001,2.9915793120816115e-18,0.2604971441598384
177.82794100389228,0.0017782794100389228,0.00015848931924611142,1.1909691754191896e-17,0.6543392418620937
177.82794100389228,0.0017782794100389228,0.00025118864315095795,4.7413336864256435e-17,1.6436258632376564
177.82794100389228,0.0017782794100389228,0.00039810717055349735,1.8875589385528982e-16,4.128601504344894
177.82794100389228,0.0017782794100389228,0.000630957344480193,7.514507482802553e-16,10.370578099873965
177.82794100389228,0.0017782794100389228,0.001,2.991579312081611e-15,26.04971441598384
177.82794100389228,0.0017782794100389228,0.001584893192461114,1.1909691754191893e-14,65.43392418620935
177.82794100389228,0.0031622776601683794,0.0001,2.9877063403168957e-18,0.25113321546285033
177.82794100389228,0.0031622776601683794,0.00015848931924611142,1.189427317588305e-17,0.6308181164225062
177.82794100389228,0.0031622776601683794,0.00025118864315095795,4.7351954398411507e-17,1.5845434673921217
177.82794100389228,0.0031622776601683794,0.00039810717055349735,1.885115258572986e-16,3.980193235879417
177.82794100389228,0.0031622776601683794,0.000630957344480193,7.504779017577143e-16,9.997793383991704
177.82794100389228,0.0031622776601683794,0.001,2.9877063403168953e-15,25.113321546285032
177.82794100389228,0.0031622776601683794,0.001584893192461114,1.1894273175883046e-14,63.08181164225061
177.82794100389228,0.005623413251903491,0.0001,2.9812381670643195e-18,0.24176928676586623
177.82794100389228,0.005623413251903491,0.00015848931924611142,1.186852291436072e-17,0.6072969909829286
177.82794100389228,0.005623413251903491,0.00025118864315095795,4.724944076085484e-17,1.525461071546612
177.82794100389228,0.005623413251903491,0.00039810717055349735,1.881034117153903e-16,3.831784967414003
177.82794100389228,0.005623413251903491,0.000630957344480193,7.488531700947345e-16,9.6250086681096
177.82794100389228,0.005623413251903491,0.001,2.9812381670643195e-15,24.17692867658662
177.82794100389228,0.005623413251903491,0.001584893192461114,1.1868522914360717e-14,60.72969909829285
177.82794100389228,0.01,0.0001,2.970913058816762e-18,0.23240535806889415
177.82794100389228,0.01,0.00015848931924611142,1.1827417918059783e-17,0.5837758655433811
177.82794100389228,0.01,0.00025118864315095795,4.708579882312506e-17,1.4663786757011783
177.82794100389228,0.01,0.00039810717055349735,1.8745194142725536e-16,3.6833766989487797
177.82794100389228,0.01,0.000630957344480193,7.462596201636437e-16,9.252223952227975
177.82794100389228,0.01,0.001,2.9709130588167617e-15,23.24053580688941
177.82794100389228,0.01,0.001584893192461114,1.182741791805978e-14,58.37758655433811
177.82794100389228,0.01778279410038923,0.0001,2.9538714629335814e-18,0.22304142937195864
177.82794100389228,0.01778279410038923,0.00015848931924611142,1.1759574102872091e-17,0.5602547401039256
177.82794100389228,0.01778279410038923,0.00025118864315095795,4.6815707730085795e-17,1.4072962798559752
177.82794100389228,0.01778279410038923,0.00039810717055349735,1.8637668941883972e-16,3.5349684304841364
177.82794100389228,0.01778279410038923,0.000630957344480193,7.419789648166206e-16,8.879439236347807
177.82794100389228,0.01778279410038923,0.001,2.953871462933581e-15,22.304142937195863
177.82794100389228,0.01778279410038923,0.001584893192461114,1.1759574102872089e-14,56.02547401039256
177.82794100389228,0.03162277660168379,0.0001,2.925622616037957e-18,0.21367750067513416
177.82794100389228,0.03162277660168379,0.00015848931924611142,1.1647113417781931e-17,0.5367336146647491
177.82794100389228,0.03162277660168379,0.00025118864315095795,4.636799367868828e-17,1.3482138840114728
177.82794100389228,0.03162277660168379,0.00039810717055349735,1.8459430767665063e-16,3.3865601620212527
177.82794100389228,0.03162277660168379,0.000630957344480193,7.348831752943296e-16,8.50665452047206
177.82794100389228,0.03162277660168379,0.001,2.9256226160379567e-15,21.367750067513416
177.82794100389228,0.03162277660168379,0.001584893192461114,1.1647113417781928e-14,53.6733614664749
177.82794100389228,0.05623413251903491,0.0001,2.8815635212954075e-18,0.2043135719786463
177.82794100389228,0.05623413251903491,0.00015848931924611142,1.1471711002330882e-17,0.5132124892264179
177.82794100389228,0.05623413251903491,0.00025118864315095795,4.5669704085453623e-17,1.289131488169094
177.82794100389228,0.05623413251903491,0.00039810717055349735,1.8181436673475462e-16,3.2381518935637037
177.82794100389228,0.05623413251903491,0.000630957344480193,7.238160310674891e-16,8.13386980460971
177.82794100389228,0.05623413251903491,0.001,2.881563521295407e-15,20.431357197864628
177.82794100389228,0.05623413251903491,0.001584893192461114,1.147171100233088e-14,51.32124892264179
177.82794100389228,1.778279410038923e-05,0.0001,2.9972011202760684e-18,0.33540857373575733
177.82794100389228,1.778279410038923e-05,0.00015848931924611142,1.1932072575728792e-17,0.8425082453788301
177.82794100389228,1.778279410038923e-05,0.00025118864315095795,4.75024365196236e-17,2.1162850300020244
177.82794100389228,1.778279410038923e-05,0.00039810717055349735,1.8911060597224495e-16,5.315867652068935
177.82794100389228,1.778279410038923e-05,0.000630957344480193,7.528628826526759e-16,13.352855826932629
177.82794100389228,1.778279410038923e-05,0.001,2.9972011202760682e-15,33.54085737357573
177.82794100389228,1.778279410038923e-05,0.001584893192461114,1.193207257572879e-14,84.25082453788299
177.82794100389228,3.1622776601683795e-05,0.0001,2.997141032058654e-18,0.32604464503876734
177.82794100389228,3.1622776601683795e-05,0.00015848931924611142,1.1931833360226608e-17,0.8189871199392378
177.82794100389228,3.1622776601683795e-05,0.00025118864315095795,4.750148418555633e-17,2.0572026341564777
177.82794100389228,3.1622776601683795e-05,0.00039810717055349735,1.8910681466203553e-16,5.167459383603428
177.82794100389228,3.1622776601683795e-05,0.000630957344480193,7.528477891748742e-16,12.980071111050291
177.82794100389228,3.1622776601683795e-05,0.001,2.997141032058654e-15,32.604464503876734
177.82794100389228,3.1622776601683795e-05,0.001584893192461114,1.1931833360226606e-14,81.89871199392377
177.82794100389228,5.623413251903491e-05,0.0001,2.997042553192674e-18,0.3166807163417774
177.82794100389228,5.623413251903491e-05,0.00015848931924611142,1.1931441308799663e-17,0.7954659944996454
177.82794100389228,5.623413251903491e-05,0.00025118864315095795,4.74999234007134e-17,1.9981202383109309
177.82794100389228,5.623413251903491e-05,0.00039810717055349735,1.891006010656589e-16,5.019051115137921
177.82794100389228,5.623413251903491e-05,0.000630957344480193,7.528230524021496e-16,12.607286395167954
177.82794100389228,5.623413251903491e-05,0.001,2.9970425531926737e-15,31.668071634177736
177.82794100389228,5.623413251903491e-05,0.001584893192461114,1.193144130879966e-14,79.54659944996453
177.82794100389228,0.0001,0.0001,2.9968656220305155e-18,0.3073167876447874
177.82794100389228,0.0001,0.00015848931924611142,1.1930736933156165e-17,0.7719448690600531
177.82794100389228,0.0001,0.00025118864315095795,4.749711923076901e-17,1.9390378424653842
177.82794100389228,0.0001,0.00039810717055349735,1.890894374640358e-16,4.870642846672414
177.82794100389228,0.0001,0.000630957344480193,7.52778609303596e-16,12.234501679285616
177.82794100389228,0.0001,0.001,2.9968656220305155e-15,30.731678764478737
177.82794100389228,0.0001,0.001584893192461114,1.1930736933156164e-14,77.1944869060053
177.82794100389228,0.00017782794100389227,0.0001,2.9965716280852324e-18,0.29795285894779744
177.82794100389228,0.00017782794100389227,0.00015848931924611142,1.1929566522179e-17,0.7484237436204607
177.82794100389228,0.00017782794100389227,0.00025118864315095795,4.7492459740743967e-17,1.8799554466198374
177.82794100389228,0.00017782794100389227,0.00039810717055349735,1.8907088770013487e-16,4.722234578206907
177.82794100389228,0.00017782794100389227,0.000630957344480193,7.527047613633857e-16,11.861716963403278
177.82794100389228,0.00017782794100389227,0.001,2.996571628085232e-15,29.79528589477974
177.82794100389228,0.00017782794100389227,0.001584893192461114,1.1929566522178998e-14,74.84237436204606
177.82794100389228,0.00031622776601683794,0.0001,2.9960923968015295e-18,0.28858893025080745
177.82794100389228,0.00031622776601683794,0.00015848931924611142,1.1927658668075043e-17,0.7249026181808684
177.82794100389228,0.00031622776601683794,0.00025118864315095795,4.7484864436752416e-17,1.8208730507742907
177.82794100389228,0.00031622776601683794,0.00039810717055349735,1.8904065025031917e-16,4.5738263097414
177.82794100389228,0.00031622776601683794,0.000630957344480193,7.525843839074768e-16,11.488932247520943
177.82794100389228,0.00031622776601683794,0.001,2.9960923968015292e-15,28.858893025080743
177.82794100389228,0.00031622776601683794,0.001584893192461114,1.192765866807504e-14,72.49026181808684
177.82794100389228,0.0005623413251903491,0.0001,2.995251656605244e-18,0.2792250015538175
177.82794100389228,0.0005623413251903491,0.00015848931924611142,1.1924311621067904e-17,0.7013814927412763
177.82794100389228,0.0005623413251903491,0.00025118864315095795,4.74715396026152e-17,1.7617906549287445
177.82794100389228,0.0005623413251903491,0.00039810717055349735,1.8898760313015454e-16,4.425418041275894
177.82794100389228,0.0005623413251903491,0.000630957344480193,7.523731995183294e-16,11.116147531638607
177.82794100389228,0.0005623413251903491,0.001,2.9952516566052436e-15,27.92250015538175
177.82794100389228,0.0005623413251903491,0.001584893192461114,1.1924311621067901e-14,70.13814927412761
177.82794100389228,5.623413251903491,0.002511886431509582,8.04352786880554e-15,81.64723528889954
177.82794100389228,10.0,0.0001,1.6969909750453353e-19,0.12003822849992925
177.82794100389228,10.0,0.00015848931924611142,6.755842755301197e-19,0.3015223974314191
177.82794100389228,10.0,0.00025118864315095795,2.689549444017297e-18,0.7573900189042198
177.82794100389228,10.0,0.00039810717055349735,1.0707289192214593e-17,1.9024777118462957
177.82794100389228,10.0,0.000630957344480193,4.262648604610584e-17,4.7788079506360965
177.82794100389228,10.0,0.001,1.696990975045335e-16,12.003822849992925
177.82794100389228,10.0,0.001584893192461114,6.755842755301195e-16,30.152239743141905
177.82794100389228,10.0,0.002511886431509582,2.689549444017305e-15,75.73900189042212
177.82794100389228,17.78279410038923,0.0001,2.9492522052532734e-20,0.11067432867272597
177.82794100389228,17.78279410038923,0.00015848931924611142,1.174118450682044e-19,0.27800134450945224
177.82794100389228,17.78279410038923,0.00025118864315095795,4.674249742956835e-19,0.6983078052147125
177.82794100389228,17.78279410038923,0.00039810717055349735,1.86085233962896e-18,1.754069900936073
177.82794100389228,17.78279410038923,0.000630957344480193,7.408186597475394e-18,4.406024384080669
177.82794100389228,17.78279410038923,0.001,2.949252205253273e-17,11.067432867272597
177.82794100389228,17.78279410038923,0.001584893192461114,1.1741184506820438e-16,27.800134450945222
177.82794100389228,17.78279410038923,0.002511886431509582,4.67424974295685e-16,69.8307805214714
177.82794100389228,31.622776601683793,0.00025118864315095795,2.1640244072909007e-20,0.6392259428173971
177.82794100389228,31.622776601683793,0.00039810717055349735,8.615136337952906e-20,1.60566297243194
177.82794100389228,31.622776601683793,0.000630957344480193,3.4297475514350423e-19,4.033243034029126
177.82794100389228,31.622776601683793,0.001,1.3654070934145918e-18,10.131048452158302
177.82794100389228,31.622776601683793,0.001584893192461114,5.435783546129584e-18,25.44804314394259
177.82794100389228,31.622776601683793,0.002511886431509582,2.164024407290907e-17,63.92259428173984
177.82794100389228,56.23413251903491,0.001584893192461114,3.066252615239639e-20,23.0959923966683
177.82794100389228,56.23413251903491,0.002511886431509582,1.2206971528553154e-19,58.014509923439576
316.22776601683796,1e-06,0.00015848931924611142,2.12191392550225e-18,0.17491778639662123
316.22776601683796,1e-06,0.00025118864315095795,8.447491490397633e-18,0.4393736142793632
316.22776601683796,1e-06,0.00039810717055349735,3.363006935516952e-17,1.1036566200716575
316.22776601683796,1e-06,0.000630957344480193,1.3388371756504386e-16,2.7722600890037166
316.22776601683796,1e-06,0.001,5.330006798300325e-16,6.963602502183982
316.22776601683796,1e-06,0.001584893192461114,2.1219139255022495e-15,17.49177863966212
316.22776601683796,1e-06,0.002511886431509582,8.447491490397659e-15,43.93736142793641
316.22776601683796,1.778279410038923e-06,0.00015848931924611142,2.121912237572098e-18,0.17073507308960423
316.22776601683796,1.778279410038923e-06,0.00025118864315095795,8.447484770626665e-18,0.42886711347657275
316.22776601683796,1.778279410038923e-06,0.00039810717055349735,3.363004260327945e-17,1.0772654832624835
316.22776601683796,1.778279410038923e-06,0.000630957344480193,1.3388361106385124e-16,2.7059685505406392
316.22776601683796,1.778279410038923e-06,0.001,5.330002558411479e-16,6.797085686194683
316.22776601683796,1.778279410038923e-06,0.001584893192461114,2.1219122375720977e-15,17.073507308960423
316.22776601683796,1.778279410038923e-06,0.002511886431509582,8.447484770626691e-15,42.88671134765736
316.22776601683796,3.162277660168379e-06,0.00015848931924611142,2.1219093773484398e-18,0.16655235978258726
316.22776601683796,3.162277660168379e-06,0.00025118864315095795,8.447473383871187e-18,0.4183606126737823
316.22776601683796,3.162277660168379e-06,0.00039810717055349735,3.3629997271789404e-17,1.0508743464533095
316.22776601683796,3.162277660168379e-06,0.000630957344480193,1.3388343059593885e-16,2.6396770120775623
316.22776601683796,3.162277660168379e-06,0.001,5.329995373854481e-16,6.630568870205384
316.22776601683796,3.162277660168379e-06,0.001584893192461114,2.1219093773484396e-15,16.655235978258723
316.22776601683796,3.162277660168379e-06,0.002511886431509582,8.447473383871214e-15,41.83606126737831
316.22776601683796,5.623413251903491e-06,0.00015848931924611142,2.121904243062547e-18,0.16236964647557028
316.22776601683796,5.623413251903491e-06,0.00025118864315095795,8.447452943910892e-18,0.40785411187099174
316.22776601683796,5.623413251903491e-06,0.00039810717055349735,3.3629915898841804e-17,1.0244832096441356
316.22776601683796,5.623413251903491e-06,0.000630957344480193,1.3388310664439956e-16,2.5733854736144854
316.22776601683796,5.623413251903491e-06,0.001,5.329982477111411e-16,6.4640520542160855
316.22776601683796,5.623413251903491e-06,0.001584893192461114,2.1219042430625462e-15,16.236964647557027
316.22776601683796,5.623413251903491e-06,0.002511886431509582,8.447452943910916e-15,40.78541118709926
316.22776601683796,1e-05,0.00015848931924611142,2.12189570813313e-18,0.1581869331685533
316.22776601683796,1e-05,0.00025118864315095795,8.44741896574488e-18,0.39734761106820127
316.22776601683796,1e-05,0.00039810717055349735,3.362978062932649e-17,0.9980920728349616
316.22776601683796,1e-05,0.000630957344480193,1.3388256812675953e-16,2.507093935151408
316.22776601683796,1e-05,0.001,5.329961038338014e-16,6.297535238226787
316.22776601683796,1e-05,0.001584893192461114,2.1218957081331295e-15,15.81869331685533
316.22776601683796,1e-05,0.002511886431509582,8.447418965744905e-15,39.73476110682021
316.22776601683796,1e-05,0.003981071705534973,3.362978062932649e-14,99.80920728349615
316.22776601683796,1.778279410038923e-05,0.00015848931924611142,2.1218815714548644e-18,0.15400421986153634
316.22776601683796,1.778279410038923e-05,0.00025118864315095795,8.447362686615027e-18,0.3868411102654108
316.22776601683796,1.778279410038923e-05,0.00039810717055349735,3.3629556578075027e-17,0.9717009360257876
316.22776601683796,1.778279410038923e-05,0.000630957344480193,1.3388167616266172e-16,2.440802396688331
316.22776601683796,1.778279410038923e-05,0.001,5.329925528607693e-16,6.131018422237488
316.22776601683796,1.778279410038923e-05,0.001584893192461114,2.121881571454864e-15,15.400421986153631
316.22776601683796,1.778279410038923e-05,0.002511886431509582,8.447362686615053e-15,38.68411102654115
316.22776601683796,1.778279410038923e-05,0.003981071705534973,3.362955657807502e-14,97.17009360257876
316.22776601683796,3.1622776601683795e-05,0.00015848931924611142,2.12185589805086e-18,0.14982150655451934
316.22776601683796,3.1622776601683795e-05,0.00025118864315095795,8.447260478952761e-18,0.37633460946262026
316.22776601683796,3.1622776601683795e-05,0.00039810717055349735,3.362914968204269e-17,0.9453097992166136
316.22776601683796,3.1622776601683795e-05,0.000630957344480193,1.3388005628038027e-16,2.374510858225254
316.22776601683796,3.1622776601683795e-05,0.001,5.329861039932524e-16,5.964501606248189
316.22776601683796,3.1622776601683795e-05,0.001584893192461114,2.1218558980508597e-15,14.982150655451933
316.22776601683796,3.1622776601683795e-05,0.002511886431509582,8.447260478952786e-15,37.633460946262105
316.22776601683796,3.1622776601683795e-05,0.003981071705534973,3.362914968204268e-14,94.53097992166136
316.22776601683796,5.623413251903491e-05,0.00015848931924611142,2.1218133588506502e-18,0.14563879324750237
316.22776601683796,5.623413251903491e-05,0.00025118864315095795,8.44709112734643e-18,0.3658281086598298
316.22776601683796,5.623413251903491e-05,0.00039810717055349735,3.362847548115443e-17,0.9189186624074397
316.22776601683796,5.623413251903491e-05,0.000630957344480193,1.3387737223830022e-16,2.308219319762177
316.22776601683796,5.623413251903491e-05,0.001,5.329754186292709e-16,5.79798479025889
316.22776601683796,5.623413251903491e-05,0.001584893192461114,2.12181335885065e-15,14.563879324750236
316.22776601683796,5.623413251903491e-05,0.002511886431509582,8.447091127346454e-15,36.58281086598305
316.22776601683796,5.623413251903491e-05,0.003981071705534973,3.362847548115443e-14,91.89186624074397
316.22776601683796,0.0001,0.00015848931924611142,2.121743641152629e-18,0.1414560799404854
316.22776601683796,0.0001,0.00025118864315095795,8.446813576191463e-18,0.3553216078570393
316.22776601683796,0.0001,0.00039810717055349735,3.362737053010455e-17,0.8925275255982656
316.22776601683796,0.0001,0.000630957344480193,1.3387297334893954e-16,2.2419277812991
316.22776601683796,0.0001,0.001,5.329579063353014e-16,5.631467974269592
316.22776601683796,0.0001,0.001584893192461114,2.1217436411526285e-15,14.145607994048538
316.22776601683796,0.0001,0.002511886431509582,8.446813576191487e-15,35.532160785704
316.22776601683796,0.0001,0.003981071705534973,3.362737053010455e-14,89.25275255982656
316.22776601683796,0.00017782794100389227,0.00015848931924611142,2.1216183834822527e-18,0.13727336663346842
316.22776601683796,0.00017782794100389227,0.00025118864315095795,8.446314916424027e-18,0.3448151070542488
316.22776601683796,0.00017782794100389227,0.00039810717055349735,3.3625385329813724e-17,0.8661363887890917
316.22776601683796,0.00017782794100389227,0.000630957344480193,1.338650701242319e-16,2.1756362428360227
316.22776601683796,0.00017782794100389227,0.001,5.329264430310352e-16,5.464951158280293
316.22776601683796,0.00017782794100389227,0.001584893192461114,2.1216183834822524e-15,13.72733666334684
316.22776601683796,0.00017782794100389227,0.002511886431509582,8.446314916424051e-15,34.481510705424945
316.22776601683796,0.00017782794100389227,0.003981071705534973,3.362538532981372e-14,86.61363887890917
316.22776601683796,0.00031622776601683794,0.00015848931924611142,2.121410251708055e-18,0.13309065332645145
316.22776601683796,0.00031622776601683794,0.00025118864315095795,8.445486328906745e-18,0.3343086062514583
316.22776601683796,0.00031622776601683794,0.00039810717055349735,3.3622086663493115e-17,0.8397452519799178
316.22776601683796,0.00031622776601683794,0.000630957344480193,1.3385193789707693e-16,2.109344704372946
316.22776601683796,0.00031622776601683794,0.001,5.328741626930779e-16,5.298434342290994
316.22776601683796,0.00031622776601683794,0.001584893192461114,2.1214102517080545e-15,13.309065332645144
316.22776601683796,0.00031622776601683794,0.002511886431509582,8.44548632890677e-15,33.4308606251459
316.22776601683796,0.00031622776601683794,0.003981071705534973,3.3622086663493113e-14,83.97452519799177
316.22776601683796,0.0005623413251903491,0.00015848931924611142,2.1210709819410126e-18,0.12890794001943448
316.22776601683796,0.0005623413251903491,0.00025118864315095795,8.444135671636629e-18,0.32380210544866783
316.22776601683796,0.0005623413251903491,0.00039810717055349735,3.361670960005118e-17,0.8133541151707439
316.22776601683796,0.0005623413251903491,0.000630957344480193,1.3383053142194937e-16,2.043053165909869
316.22776601683796,0.0005623413251903491,0.001,5.327889419806324e-16,5.131917526301695
316.22776601683796,0.0005623413251903491,0.001584893192461114,2.121070981941012e-15,12.890794001943446
316.22776601683796,0.0005623413251903491,0.002511886431509582,8.444135671636653e-15,32.38021054486685
316.22776601683796,0.0005623413251903491,0.003981071705534973,3.361670960005118e-14,81.33541151707438
316.22776601683796,0.001,0.00015848931924611142,2.1204757834632896e-18,0.12472522671241754
316.22776601683796,0.001,0.00025118864315095795,8.441766143817788e-18,0.3132956046458774
316.22776601683796,0.001,0.00039810717055349735,3.360727633989612e-17,0.78696297836157
316.22776601683796,0.001,0.000630957344480193,1.337929769368551e-16,1.9767616274467923
316.22776601683796,0.001,0.001,5.326394348826077e-16,4.965400710312398
316.22776601683796,0.001,0.001584893192461114,2.120475783463289e-15,12.472522671241752
316.22776601683796,0.001,0.002511886431509582,8.441766143817814e-15,31.329560464587804
316.22776601683796,0.001,0.003981071705534973,3.360727633989612e-14,78.696297836157
316.22776601683796,0.0017782794100389228,0.00015848931924611142,2.1194823360333787e-18,0.12054251340540065
316.22776601683796,0.0017782794100389228,0.00025118864315095795,8.437811158363633e-18,0.30278910384308716
316.22776601683796,0.0017782794100389228,0.00039810717055349735,3.359153125920878e-17,0.7605718415523967
316.22776601683796,0.0017782794100389228,0.000630957344480193,1.3373029464162937e-16,1.9104700889837167
316.22776601683796,0.0017782794100389228,0.001,5.323898921706466e-16,4.798883894323103
316.22776601683796,0.0017782794100389228,0.001584893192461114,2.1194823360333785e-15,12.054251340540064
316.22776601683796,0.0017782794100389228,0.002511886431509582,8.437811158363659e-15,30.278910384308777
316.22776601683796,0.0017782794100389228,0.003981071705534973,3.3591531259208776e-14,76.05718415523965
316.22776601683796,0.0031622776601683794,0.00015848931924611142,2.117875962638978e-18,0.11635980009838395
316.22776601683796,0.0031622776601683794,0.00025118864315095795,8.431416070694662e-18,0.29228260304029735
316.22776601683796,0.0031622776601683794,0.00039810717055349735,3.356607195663542e-17,0.7341807047432244
316.22776601683796,0.0031622776601683794,0.000630957344480193,1.336289393325119e-16,1.8441785505206443
316.22776601683796,0.0031622776601683794,0.001,5.319863894173133e-16,4.632367078333815
316.22776601683796,0.0031622776601683794,0.001584893192461114,2.1178759626389775e-15,11.635980009838395
316.22776601683796,0.0031622776601683794,0.002511886431509582,8.431416070694686e-15,29.228260304029796
316.22776601683796,0.0031622776601683794,0.003981071705534973,3.3566071956635416e-14,73.41807047432243
316.22776601683796,0.005623413251903491,0.00015848931924611142,2.1151341086051085e-18,0.11217708679136784
316.22776601683796,0.005623413251903491,0.00025118864315095795,8.420500553179717e-18,0.28177610223750904
316.22776601683796,0.005623413251903491,0.00039810717055349735,3.35226164987054e-17,0.7077895679340559
316.22776601683796,0.005623413251903491,0.000630957344480193,1.3345594003849564e-16,1.7778870120575807
316.22776601683796,0.005623413251903491,0.001,5.312976668228276e-16,4.46585026234455
316.22776601683796,0.005623413251903491,0.001584893192461114,2.1151341086051083e-15,11.217708679136782
316.22776601683796,0.005623413251903491,0.002511886431509582,8.420500553179742e-15,28.17761022375096
316.22776601683796,0.005623413251903491,0.003981071705534973,3.35226164987054e-14,70.77895679340558
316.22776601683796,0.01,0.00015848931924611142,2.1105549926182812e-18,0.10799437348435349
316.22776601683796,0.01,0.00025118864315095795,8.402270764088195e-18,0.2712696014347251
316.22776601683796,0.01,0.00039810717055349735,3.345004240115528e-17,0.6813984311248985
316.22776601683796,0.01,0.000630957344480193,1.331670173521841e-16,1.7115954735945453
316.22776601683796,0.01,0.001,5.301474448912656e-16,4.299333446355356
316.22776601683796,0.01,0.001584893192461114,2.110554992618281e-15,10.799437348435347
316.22776601683796,0.01,0.002511886431509582,8.40227076408822e-15,27.12696014347257
316.22776601683796,0.01,0.003981071705534973,3.3450042401155275e-14,68.13984311248984
316.22776601683796,0.01778279410038923,0.00015848931924611142,2.103245375761113e-18,0.10381166017734451
316.22776601683796,0.01778279410038923,0.00025118864315095795,8.373170655239821e-18,0.26076310063195474
316.22776601683796,0.01778279410038923,0.00039810717055349735,3.3334192781191023e-17,0.655007294315775
316.22776601683796,0.01778279410038923,0.000630957344480193,1.3270581170804746e-16,1.645303935131595
316.22776601683796,0.01778279410038923,0.001,5.283113521509601e-16,4.132816630366375
316.22776601683796,0.01778279410038923,0.001584893192461114,2.1032453757611124e-15,10.381166017734449
316.22776601683796,0.01778279410038923,0.002511886431509582,8.373170655239846e-15,26.076310063195525
316.22776601683796,0.01778279410038923,0.003981071705534973,3.333419278119102e-14,65.50072943157748
316.22776601683796,0.03162277660168379,0.00025118864315095795,8.325140912281158e-18,0.2502565998292254
316.22776601683796,0.03162277660168379,0.00039810717055349735,3.314298293047417e-17,0.6286161575067545
316.22776601683796,0.03162277660168379,0.000630957344480193,1.3194459158153903e-16,1.5790123966689036
316.22776601683796,0.03162277660168379,0.001,5.252808802436336e-16,3.9662998143780452
316.22776601683796,0.03162277660168379,0.001584893192461114,2.0911808497964365e-15,9.962894687035185
316.22776601683796,0.03162277660168379,0.002511886431509582,8.325140912281182e-15,25.025659982922587
316.22776601683796,0.03162277660168379,0.003981071705534973,3.314298293047417e-14,62.86161575067545
316.22776601683796,0.05623413251903491,0.00025118864315095795,8.245524844362627e-18,0.2397500990266206
316.22776601683796,0.05623413251903491,0.00039810717055349735,3.282602565517776e-17,0.6022250206980471
316.22776601683796,0.05623413251903491,0.000630957344480193,1.3068276194099303e-16,1.5127208582069984
316.22776601683796,0.05623413251903491,0.001,5.202574459644506e-16,3.7997829983916898
316.22776601683796,0.05623413251903491,0.001584893192461114,2.0711821977229663e-15,9.544623356340882
316.22776601683796,0.05623413251903491,0.002511886431509582,8.245524844362652e-15,23.975009902662105
316.22776601683796,0.05623413251903491,0.003981071705534973,3.282602565517776e-14,60.2225020698047
316.22776601683796,0.1,0.00025118864315095795,8.121349443773262e-18,0.22924359822439347
316.22776601683796,0.1,0.00039810717055349735,3.233167448136797e-17,0.5758338838902882
316.22776601683796,0.1,0.000630957344480193,1.2871471447034088e-16,1.4464293197474758
316.22776601683796,0.1,0.001,5.124225078638876e-16,3.6332661824113197
316.22776601683796,0.1,0.001584893192461114,2.039990747336197e-15,9.126352025661612
316.22776601683796,0.1,0.002511886431509582,8.121349443773287e-15,22.924359822439392
316.22776601683796,0.1,0.003981071705534973,3.233167448136797e-14,57.58338838902881
562.341325190349,5.623413251903491e-05,0.00039810717055349735,5.9802024456693525e-18,0.1681024952054933
562.341325190349,5.623413251903491e-05,0.000630957344480193,2.3807614749825253e-17,0.42225437680958233
562.341325190349,5.623413251903491e-05,0.001,9.477982145680652e-17,1.0606550397535242
562.341325190349,5.623413251903491e-05,0.001584893192461114,3.773252654573493e-16,2.6642450028691336
562.341325190349,5.623413251903491e-05,0.002511886431509582,1.5021589380957276e-15,6.692280872924185
562.341325190349,5.623413251903491e-05,0.003981071705534973,5.980202445669352e-15,16.81024952054933
562.341325190349,5.623413251903491e-05,0.00630957344480193,2.3807614749825258e-14,42.22543768095824
562.341325190349,0.0001,0.00039810717055349735,5.980082553913572e-18,0.16340941368596587
562.341325190349,0.0001,0.000630957344480193,2.3807137452148588e-17,0.410465889018713
562.341325190349,0.0001,0.001,9.477792130053083e-17,1.0310436972236232
562.341325190349,0.0001,0.001584893192461114,3.7731770079896405e-16,2.5898646733494926
562.341325190349,0.0001,0.002511886431509582,1.502128822648268e-15,6.505445932432586
562.341325190349,0.0001,0.003981071705534973,5.9800825539135716e-15,16.340941368596585
562.341325190349,0.0001,0.00630957344480193,2.3807137452148593e-14,41.0465889018713
562.341325190349,0.00017782794100389227,0.00039810717055349735,5.979886062743461e-18,0.15871633216643843
562.341325190349,0.00017782794100389227,0.000630957344480193,2.3806355206710873e-17,0.3986774012278437
562.341325190349,0.00017782794100389227,0.001,9.477480712535195e-17,1.0014323546937223
562.341325190349,0.00017782794100389227,0.001584893192461114,3.7730530304427337e-16,2.5154843438298515
562.341325190349,0.00017782794100389227,0.002511886431509582,1.5020794662978569e-15,6.3186109919409885
562.341325190349,0.00017782794100389227,0.003981071705534973,5.97988606274346e-15,15.871633216643842
562.341325190349,0.00017782794100389227,0.00630957344480193,2.380635520671088e-14,39.86774012278437
562.341325190349,0.00031622776601683794,0.00039810717055349735,5.979533038663263e-18,0.15402325064691097
562.341325190349,0.00031622776601683794,0.000630957344480193,2.3804949792533824e-17,0.38688891343697435
562.341325190349,0.00031622776601683794,0.001,9.476921207073715e-17,0.9718210121638211
562.341325190349,0.00031622776601683794,0.001584893192461114,3.7728302873065544e-16,2.4411040143102105
562.341325190349,0.00031622776601683794,0.002511886431509582,1.5019907906581522e-15,6.131776051449391
562.341325190349,0.00031622776601683794,0.003981071705534973,5.979533038663262e-15,15.402325064691096
562.341325190349,0.00031622776601683794,0.00630957344480193,2.3804949792533828e-14,38.688891343697435
562.341325190349,0.00031622776601683794,0.01,9.476921207073714e-14,97.18210121638211
562.341325190349,0.0005623413251903491,0.00039810717055349735,5.97894644362341e-18,0.14933016912738353
562.341325190349,0.0005623413251903491,0.000630957344480193,2.380261451561806e-17,0.375100425646105
562.341325190349,0.0005623413251903491,0.001,9.475991516588321e-17,0.94220966963392
562.341325190349,0.0005623413251903491,0.001584893192461114,3.7724601708579235e-16,2.3667236847905695
562.341325190349,0.0005623413251903491,0.002511886431509582,1.5018434446460126e-15,5.944941110957793
562.341325190349,0.0005623413251903491,0.003981071705534973,5.97894644362341e-15,14.933016912738353
562.341325190349,0.0005623413251903491,0.00630957344480193,2.3802614515618063e-14,37.51004256461051
562.341325190349,0.0005623413251903491,0.01,9.475991516588321e-14,94.22096696339202
562.341325190349,0.001,0.00039810717055349735,5.977990251502884e-18,0.1446370876078561
562.341325190349,0.001,0.000630957344480193,2.3798807846221975e-17,0.3633119378552357
562.341325190349,0.001,0.001,9.474476054205813e-17,0.9125983271040191
562.341325190349,0.001,0.001584893192461114,3.7718568544167436e-16,2.292343355270929
562.341325190349,0.001,0.002511886431509582,1.5016032600446659e-15,5.7581061704661956
562.341325190349,0.001,0.003981071705534973,5.977990251502883e-15,14.46370876078561
562.341325190349,0.001,0.00630957344480193,2.379880784622198e-14,36.331193785523574
562.341325190349,0.001,0.01,9.474476054205813e-14,91.25983271040191
562.341325190349,0.0017782794100389228,0.00039810717055349735,5.976312754272555e-18,0.1399440060883287
562.341325190349,0.0017782794100389228,0.000630957344480193,2.3792129609462202e-17,0.35152345006436647
562.341325190349,0.0017782794100389228,0.001,9.471817400265093e-17,0.8829869845741183
562.341325190349,0.0017782794100389228,0.001584893192461114,3.7707984252189226e-16,2.2179630257512883
562.341325190349,0.0017782794100389228,0.002511886431509582,1.5011818917914902e-15,5.571271229974599
562.341325190349,0.0017782794100389228,0.003981071705534973,5.976312754272555e-15,13.99440060883287
562.341325190349,0.0017782794100389228,0.00630957344480193,2.3792129609462207e-14,35.15234500643665
562.341325190349,0.0017782794100389228,0.01,9.471817400265093e-14,88.29869845741183
562.341325190349,0.0031622776601683794,0.00039810717055349735,5.973512838992986e-18,0.13525092456880136
562.341325190349,0.0031622776601683794,0.000630957344480193,2.3780982945964813e-17,0.33973496227349737
562.341325190349,0.0031622776601683794,0.001,9.467379833599035e-17,0.8533756420442179
562.341325190349,0.0031622776601683794,0.001584893192461114,3.7690317981093557e-16,2.143582696231649
562.341325190349,0.0031622776601683794,0.002511886431509582,1.5004785848714775e-15,5.384436289483005
562.341325190349,0.0031622776601683794,0.003981071705534973,5.973512838992985e-15,13.525092456880135
562.341325190349,0.0031622776601683794,0.00630957344480193,2.3780982945964818e-14,33.97349622734974
562.341325190349,0.0031622776601683794,0.01,9.467379833599035e-14,85.3375642044218
562.341325190349,0.005623413251903491,0.00039810717055349735,5.9689854636369694e-18,0.13055784304927423
562.341325190349,0.005623413251903491,0.000630957344480193,2.376295914003464e-17,0.32794647448262887
562.341325190349,0.005623413251903491,0.001,9.460204427217569e-17,0.8237642995143188
562.341325190349,0.005623413251903491,0.001584893192461114,3.7661752173772587e-16,2.069202366712013
562.341325190349,0.005623413251903491,0.002511886431509582,1.4993413595987646e-15,5.1976013489914195
562.341325190349,0.005623413251903491,0.003981071705534973,5.968985463636969e-15,13.055784304927423
562.341325190349,0.005623413251903491,0.00630957344480193,2.3762959140034645e-14,32.794647448262886
562.341325190349,0.005623413251903491,0.01,9.46020442721757e-14,82.37642995143189
562.341325190349,0.01,0.00039810717055349735,5.9612578690278934e-18,0.12586476152974777
562.341325190349,0.01,0.000630957344480193,2.3732195031784603e-17,0.3161579866917619
562.341325190349,0.01,0.001,9.447957015127546e-17,0.7941529569844239
562.341325190349,0.01,0.001584893192461114,3.7612994348034966e-16,1.994822037192387
562.341325190349,0.01,0.002511886431509582,1.4974002755940901e-15,5.01076640849986
562.341325190349,0.01,0.003981071705534973,5.961257869027893e-15,12.586476152974775
562.341325190349,0.01,0.00630957344480193,2.3732195031784606e-14,31.615798669176197
562.341325190349,0.01,0.01,9.447957015127546e-14,79.41529569844239
562.341325190349,0.01778279410038923,0.00039810717055349735,5.9483521666903385e-18,0.12117168001022326
562.341325190349,0.01778279410038923,0.000630957344480193,2.3680816505368507e-17,0.3043694989009
562.341325190349,0.01778279410038923,0.001,9.427502855348825e-17,0.7645416144545415
562.341325190349,0.01778279410038923,0.001584893192461114,3.753156487127941e-16,1.9204417076727927
562.341325190349,0.01778279410038923,0.002511886431509582,1.4941585097350097e-15,4.82393146800838
562.341325190349,0.01778279410038923,0.003981071705534973,5.948352166690338e-15,12.117168001022325
562.341325190349,0.01778279410038923,0.00630957344480193,2.3680816505368512e-14,30.436949890090006
562.341325190349,0.01778279410038923,0.01,9.427502855348825e-14,76.45416144545415
562.341325190349,0.03162277660168379,0.00039810717055349735,5.9277508673060124e-18,0.11647859849070478
562.341325190349,0.03162277660168379,0.000630957344480193,2.3598801255292312e-17,0.2925810111100532
562.341325190349,0.03162277660168379,0.001,9.394851996198754e-17,0.7349302719246971
562.341325190349,0.03162277660168379,0.001584893192461114,3.740157945975565e-16,1.846061378153294
562.341325190349,0.03162277660168379,0.002511886431509582,1.4889836972955142e-15,4.637096527517139
562.341325190349,0.03162277660168379,0.003981071705534973,5.9277508673060116e-15,11.647859849070478
562.341325190349,0.03162277660168379,0.00630957344480193,2.3598801255292318e-14,29.258101111005328
562.341325190349,0.03162277660168379,0.01,9.394851996198754e-14,73.49302719246971
562.341325190349,0.05623413251903491,0.00039810717055349735,5.8937484132533734e-18,0.11178551697120465
562.341325190349,0.05623413251903491,0.000630957344480193,2.3463435047544598e-17,0.2807925233192525
562.341325190349,0.05623413251903491,0.001,9.340961738243754e-17,0.7053189293949683
562.341325190349,0.05623413251903491,0.001584893192461114,3.7187038478607024e-16,1.7716810486340855
562.341325190349,0.05623413251903491,0.002511886431509582,1.4804426669982288e-15,4.4502615870266276
562.341325190349,0.05623413251903491,0.003981071705534973,5.893748413253373e-15,11.178551697120465
562.341325190349,0.05623413251903491,0.00630957344480193,2.34634350475446e-14,28.07925233192525
562.341325190349,0.05623413251903491,0.01,9.340961738243754e-14,70.53189293949683
562.341325190349,0.1,0.00039810717055349735,5.837384553601205e-18,0.10709243545176017
562.341325190349,0.1,0.000630957344480193,2.3239046480668607e-17,0.26900403552859153
562.341325190349,0.1,0.001,9.2516310407802e-17,0.6757075868655906
562.341325190349,0.1,0.001584893192461114,3.683140656649916e-16,1.6973007191157594
562.341325190349,0.1,0.002511886431509582,1.4662847055694497e-15,4.263426646538332
562.341325190349,0.1,0.003981071705534973,5.837384553601205e-15,10.709243545176015
562.341325190349,0.1,0.00630957344480193,2.3239046480668612e-14,26.900403552859157
562.341325190349,0.1,0.01,9.2516310407802e-14,67.57075868655907
562.341325190349,0.1778279410038923,0.00039810717055349735,5.749475102229756e-18,0.10239935393248437
562.341325190349,0.1778279410038923,0.000630957344480193,2.2889072651164628e-17,0.2572155477383543
562.341325190349,0.1778279410038923,0.001,9.112303949748597e-17,0.6460962443372774
562.341325190349,0.1778279410038923,0.001584893192461114,3.6276735426578754e-16,1.6229203896001068
562.341325190349,0.1778279410038923,0.002511886431509582,1.4442028497593102e-15,4.076591706056752
562.341325190349,0.1778279410038923,0.003981071705534973,5.749475102229755e-15,10.239935393248436
562.341325190349,0.1778279410038923,0.00630957344480193,2.2889072651164632e-14,25.721554773835432
562.341325190349,0.1778279410038923,0.01,9.112303949748598e-14,64.60962443372775
562.341325190349,0.31622776601683794,0.000630957344480193,2.2337998142055052e-17,0.24542705994939892
562.341325190349,0.31622776601683794,0.001,8.892917236162827e-17,0.616484901812184
562.341325190349,0.31622776601683794,0.001584893192461114,3.5403341188552137e-16,1.5485400600925419
316.22776601683796,0.1778279410038923,0.00025118864315095795,7.925820829475866e-18,0.21873709742330877
316.22776601683796,0.1778279410038923,0.00039810717055349735,3.155326104736614e-17,0.549442747085399
316.22776601683796,0.1778279410038923,0.000630957344480193,1.2561579477302788e-16,1.3801377812951616
316.22776601683796,0.1778279410038923,0.001,5.000854863391898e-16,3.466749366449056
316.22776601683796,0.1778279410038923,0.001584893192461114,1.990876180013647e-15,8.708080695027824
316.22776601683796,0.1778279410038923,0.002511886431509582,7.92582082947589e-15,21.87370974233092
316.22776601683796,0.1778279410038923,0.003981071705534973,3.155326104736614e-14,54.94427470853989
316.22776601683796,0.31622776601683794,0.00025118864315095795,7.610512417098101e-18,0.2082305966256731
316.22776601683796,0.31622776601683794,0.00039810717055349735,3.029799564833187e-17,0.5230516102891732
316.22776601683796,0.31622776601683794,0.000630957344480193,1.2061849320999547e-16,1.3138462428646092
316.22776601683796,0.31622776601683794,0.001,4.801908704825759e-16,3.3002325505414554
316.22776601683796,0.31622776601683794,0.001584893192461114,1.9116742877343932e-15,8.289809364531342
316.22776601683796,0.31622776601683794,0.002511886431509582,7.610512417098124e-15,20.82305966256735
316.22776601683796,0.31622776601683794,0.003981071705534973,3.029799564833187e-14,52.305161028917325
316.22776601683796,0.5623413251903491,0.00025118864315095795,7.143725920699332e-18,0.1977240958384263
316.22776601683796,0.5623413251903491,0.00039810717055349735,2.8439685134992924e-17,0.4966604735190433
316.22776601683796,0.5623413251903491,0.000630957344480193,1.1322042580524364e-16,1.2475547044996063
316.22776601683796,0.5623413251903491,0.001,4.507386336618777e-16,3.1337157347985074
316.22776601683796,0.5623413251903491,0.001584893192461114,1.7944228210627968e-15,7.8715380344484505
316.22776601683796,0.5623413251903491,0.002511886431509582,7.143725920699353e-15,19.772409583842666
316.22776601683796,0.5623413251903491,0.003981071705534973,2.8439685134992917e-14,49.666047351904325
316.22776601683796,1.0,0.00025118864315095795,6.4711281010404005e-18,0.18721759508239483
316.22776601683796,1.0,0.00039810717055349735,2.576202498594423e-17,0.4702693368273227
316.22776601683796,1.0,0.000630957344480193,1.0256046874882737e-16,1.181263166331559
316.22776601683796,1.0,0.001,4.08300580242361e-16,2.9671989195502895
316.22776601683796,1.0,0.001584893192461114,1.6254738873563767e-15,7.4532667056082635
316.22776601683796,1.0,0.002511886431509582,6.4711281010404194e-15,18.72175950823952
316.22776601683796,1.0,0.003981071705534973,2.576202498594423e-14,47.02693368273227
316.22776601683796,1.7782794100389228,0.00025118864315095795,5.483266763356394e-18,0.17671109441989755
316.22776601683796,1.7782794100389228,0.00039810717055349735,2.18292781654985e-17,0.44387820037054937
316.22776601683796,1.7782794100389228,0.000630957344480193,8.690392165691827e-17,1.1149716287536722
316.22776601683796,1.7782794100389228,0.001,3.459707436083857e-16,2.8006821057844884
316.22776601683796,1.7782794100389228,0.001584893192461114,1.3773343383222402e-15,7.03499538049174
316.22776601683796,1.7782794100389228,0.002511886431509582,5.48326676335641e-15,17.671109441989792
316.22776601683796,1.7782794100389228,0.003981071705534973,2.1829278165498497e-14,44.38782003705494
316.22776601683796,3.1622776601683795,0.00025118864315095795,4.236031407564322e-18,0.16620459403680882
316.22776601683796,3.1622776601683795,0.00039810717055349735,1.6863944780411828e-17,0.4174870646156185
316.22776601683796,3.1622776601683795,0.000630957344480193,6.713657340900158e-17,1.048680092938734
316.22776601683796,3.1622776601683795,0.001,2.6727551280514816e-16,2.634165296447014
316.22776601683796,3.1622776601683795,0.001584893192461114,1.0640429816109266e-15,6.61672406649867
316.22776601683796,3.1622776601683795,0.002511886431509582,4.2360314075643344e-15,16.620459403680915
316.22776601683796,3.1622776601683795,0.003981071705534973,1.6863944780411826e-14,41.74870646156185
316.22776601683796,5.623413251903491,0.00025118864315095795,2.837676197706069e-18,0.1556980944855131
316.22776601683796,5.623413251903491,0.00039810717055349735,1.1296992420157712e-17,0.39109593095005735
316.22776601683796,5.623413251903491,0.000630957344480193,4.497413688153283e-17,0.9823885623720553
316.22776601683796,5.623413251903491,0.001,1.7904526381992745e-16,2.467648500292571
316.22776601683796,5.623413251903491,0.001584893192461114,7.1279203380355845e-16,6.198452785619877
316.22776601683796,5.623413251903491,0.002511886431509582,2.837676197706077e-15,15.569809448551341
316.22776601683796,5.623413251903491,0.003981071705534973,1.1296992420157711e-14,39.109593095005735
316.22776601683796,5.623413251903491,0.00630957344480193,4.4974136881532835e-14,98.23885623720555
316.22776601683796,10.0,0.00025118864315095795,1.4303639993171112e-18,0.14519159740085308
316.22776601683796,10.0,0.00039810717055349735,5.694381646297205e-18,0.3647048034804048
316.22776601683796,10.0,0.000630957344480193,2.266974165259141e-17,0.9160970473687954
316.22776601683796,10.0,0.001,9.024986706491941e-17,2.3011317432316685
316.22776601683796,10.0,0.001584893192461114,3.5929119220044363e-16,5.780181602939619
316.22776601683796,10.0,0.002511886431509582,1.4303639993171156e-15,14.519159740085335
316.22776601683796,10.0,0.003981071705534973,5.694381646297204e-15,36.470480348040475
316.22776601683796,10.0,0.00630957344480193,2.2669741652591415e-14,91.60970473687955
316.22776601683796,17.78279410038923,0.00025118864315095795,4.78277039857759e-19,0.1346851075986364
316.22776601683796,17.78279410038923,0.00039810717055349735,1.9040551907847494e-18,0.33831369430342295
316.22776601683796,17.78279410038923,0.000630957344480193,7.580180245810144e-18,0.8498055783146469
316.22776601683796,17.78279410038923,0.001,3.017724109944994e-17,2.1346151015897155
316.22776601683796,17.78279410038923,0.001584893192461114,1.2013776069212738e-16,5.361910710178654
316.22776601683796,17.78279410038923,0.002511886431509582,4.782770398577605e-16,13.468510759863667
316.22776601683796,17.78279410038923,0.003981071705534973,1.9040551907847495e-15,33.83136943034229
316.22776601683796,17.78279410038923,0.00630957344480193,7.580180245810147e-15,84.9805578314647
316.22776601683796,31.622776601683793,0.00025118864315095795,8.312122075279865e-20,0.12417863918827936
316.22776601683796,31.622776601683793,0.00039810717055349735,3.3091154006849354e-19,0.31192263886036303
316.22776601683796,31.622776601683793,0.000630957344480193,1.3173825692016794e-18,0.7835142442340077
316.22776601683796,31.622776601683793,0.001,5.24459447161378e-18,1.9680987989858891
316.22776601683796,31.622776601683793,0.001584893192461114,2.0879106657946784e-17,4.943640669042959
316.22776601683796,31.622776601683793,0.002511886431509582,8.31212207527989e-17,12.417863918827962
316.22776601683796,31.622776601683793,0.003981071705534973,3.3091154006849354e-16,31.192263886036304
316.22776601683796,31.622776601683793,0.00630957344480193,1.3173825692016797e-15,78.35142442340079
316.22776601683796,56.23413251903491,0.00039810717055349735,1.5320119564459774e-20,0.2855317403337613
316.22776601683796,56.23413251903491,0.000630957344480193,6.099049452348345e-20,0.7172233043096907
316.22776601683796,56.23413251903491,0.001,2.4280753205402597e-19,1.8015834864579803
316.22776601683796,56.23413251903491,0.001584893192461114,9.666341957510597e-19,4.525373114865527
316.22776601683796,56.23413251903491,0.002511886431509582,3.8482400463071025e-18,11.36722332474897
316.22776601683796,56.23413251903491,0.003981071705534973,1.5320119564459773e-17,28.553174033376127
316.22776601683796,56.23413251903491,0.00630957344480193,6.099049452348347e-17,71.72233043096908
316.22776601683796,100.0,0.002511886431509582,2.1707406128157423e-20,10.316600848035133
316.22776601683796,100.0,0.003981071705534973,8.641874033736385e-20,25.91412968947965
316.22776601683796,100.0,0.00630957344480193,3.4403920198505243e-19,65.09335075138343
562.341325190349,0.31622776601683794,0.002511886431509582,1.4094323988714596e-15,3.8897567655954886
562.341325190349,0.31622776601683794,0.003981071705534973,5.6110514440114406e-15,9.770627241371887
562.341325190349,0.31622776601683794,0.00630957344480193,2.2337998142055055e-14,24.542705994939897
562.341325190349,0.31622776601683794,0.01,8.892917236162827e-14,61.6484901812184
562.341325190349,0.5623413251903491,0.000630957344480193,2.144933829452547e-17,0.23363857216431336
562.341325190349,0.5623413251903491,0.001,8.539135378678322e-17,0.5868735592968112
562.341325190349,0.5623413251903491,0.001584893192461114,3.3994910245788966e-16,1.4741597306093939
562.341325190349,0.5623413251903491,0.002511886431509582,1.3533617531171155e-15,3.7029218251955576
562.341325190349,0.5623413251903491,0.003981071705534973,5.387830182687747e-15,9.3013190896494
562.341325190349,0.5623413251903491,0.00630957344480193,2.1449338294525474e-14,23.36385721643134
562.341325190349,0.5623413251903491,0.01,8.539135378678321e-14,58.68735592968111
562.341325190349,1.0,0.000630957344480193,2.013375520053044e-17,0.22185008439088436
562.341325190349,1.0,0.001,8.015392315499945e-17,0.5572622168107182
562.341325190349,1.0,0.001584893192461114,3.190985155599931e-16,1.399779401199794
562.341325190349,1.0,0.002511886431509582,1.2703540715741012e-15,3.51608688498037
562.341325190349,1.0,0.003981071705534973,5.057370650354795e-15,8.832010938390967
562.341325190349,1.0,0.00630957344480193,2.0133755200530444e-14,22.18500843908844
562.341325190349,1.0,0.01,8.015392315499944e-14,55.72622168107182
562.341325190349,1.7782794100389228,0.000630957344480193,1.8238116985998022e-17,0.21006159665247953
562.341325190349,1.7782794100389228,0.001,7.260725149519359e-17,0.5276508744126021
562.341325190349,1.7782794100389228,0.001584893192461114,2.890546745441773e-16,1.3253990720111815
562.341325190349,1.7782794100389228,0.002511886431509582,1.1507473861804458e-15,3.3292519453202782
562.341325190349,1.7782794100389228,0.003981071705534973,4.5812078593412914e-15,8.362702788526873
562.341325190349,1.7782794100389228,0.00630957344480193,1.8238116985998023e-14,21.006159665247957
562.341325190349,1.7782794100389228,0.01,7.260725149519359e-14,52.765087441260206
562.341325190349,3.1622776601683795,0.000630957344480193,1.5453945453413347e-17,0.1982731090190218
562.341325190349,3.1622776601683795,0.001,6.152326498346479e-17,0.498039532278101
562.341325190349,3.1622776601683795,0.001584893192461114,2.449285294578025e-16,1.2510187434847404
562.341325190349,3.1622776601683795,0.002511886431509582,9.750780385027475e-16,3.142417007323486
562.341325190349,3.1622776601683795,0.003981071705534973,3.881855589771822e-15,7.893394642840796
562.341325190349,3.1622776601683795,0.00630957344480193,1.545394545341335e-14,19.82731090190218
562.341325190349,3.1622776601683795,0.01,6.152326498346479e-14,49.803953227810105
562.341325190349,5.623413251903491,0.000630957344480193,1.1938758615379423e-17,0.18648462169906557
562.341325190349,5.623413251903491,0.001,4.7529054122898966e-17,0.46842819093108023
562.341325190349,5.623413251903491,0.001584893192461114,1.892165725595136e-16,1.1766384169363602
562.341325190349,5.623413251903491,0.002511886431509582,7.532847432349856e-16,2.9555820742953576
562.341325190349,5.623413251903491,0.003981071705534973,2.998880577503973e-15,7.4240865096354405
562.341325190349,5.623413251903491,0.00630957344480193,1.1938758615379424e-14,18.64846216990656
562.341325190349,5.623413251903491,0.01,4.752905412289897e-14,46.84281909310803
562.341325190349,10.0,0.000630957344480193,7.9976581600702e-18,0.1746961353123965
562.341325190349,10.0,0.001,3.18392506115964e-17,0.4388168519283708
562.341325190349,10.0,0.001584893192461114,1.2675433973526363e-16,1.1022580962766237
562.341325190349,10.0,0.002511886431509582,5.046181154738259e-16,2.768747156058834
562.341325190349,10.0,0.003981071705534973,2.0089209016132246e-15,6.954778413584916
562.341325190349,10.0,0.00630957344480193,7.997658160070202e-15,17.469613531239652
562.341325190349,10.0,0.01,3.18392506115964e-14,43.881685192837075
562.341325190349,17.78279410038923,0.000630957344480193,4.031313481170504e-18,0.16290765169333815
562.341325190349,17.78279410038923,0.001,1.6048948036029606e-17,0.4092055198775851
562.341325190349,17.78279410038923,0.001584893192461114,6.389201292983861e-17,1.0278777930793306
562.341325190349,17.78279410038923,0.002511886431509582,2.5435868488465537e-16,2.5819122816859843
562.341325190349,17.78279410038923,0.003981071705534973,1.012620163451386e-15,6.485470427714958
562.341325190349,17.78279410038923,0.00630957344480193,4.031313481170505e-15,16.290765169333817
562.341325190349,17.78279410038923,0.01,1.6048948036029608e-14,40.92055198775851
562.341325190349,1e-06,0.00039810717055349735,5.9803688446146616e-18,0.2009540658421854
562.341325190349,1e-06,0.000630957344480193,2.3808277195958257e-17,0.5047737913456676
562.341325190349,1e-06,0.001,9.478245870236305e-17,1.2679344374628314
562.341325190349,1e-06,0.001584893192461114,3.7733576452101496e-16,3.184907309506621
562.341325190349,1e-06,0.002511886431509582,1.5022007356210216e-15,8.000125456365371
562.341325190349,1e-06,0.003981071705534973,5.980368844614661e-15,20.09540658421854
562.341325190349,1e-06,0.00630957344480193,2.380827719595826e-14,50.47737913456677
562.341325190349,1.778279410038923e-06,0.00039810717055349735,5.980365989247894e-18,0.19626098432265796
562.341325190349,1.778279410038923e-06,0.000630957344480193,2.380826582853841e-17,0.4929853035547983
562.341325190349,1.778279410038923e-06,0.001,9.478241344784954e-17,1.2383230949329305
562.341325190349,1.778279410038923e-06,0.001584893192461114,3.773355843595517e-16,3.11052697998698
562.341325190349,1.778279410038923e-06,0.002511886431509582,1.5022000183853177e-15,7.813290515873772
562.341325190349,1.778279410038923e-06,0.003981071705534973,5.9803659892478934e-15,19.626098432265795
562.341325190349,1.778279410038923e-06,0.00630957344480193,2.3808265828538414e-14,49.29853035547983
562.341325190349,3.162277660168379e-06,0.00039810717055349735,5.980361232014366e-18,0.19156790280313052
562.341325190349,3.162277660168379e-06,0.000630957344480193,2.380824688965061e-17,0.481196815763929
562.341325190349,3.162277660168379e-06,0.001,9.478233805077919e-17,1.2087117524030295
562.341325190349,3.162277660168379e-06,0.001584893192461114,3.7733528419840826e-16,3.036146650467339
562.341325190349,3.162277660168379e-06,0.002511886431509582,1.5021988234222824e-15,7.626455575382174
562.341325190349,3.162277660168379e-06,0.003981071705534973,5.9803612320143656e-15,19.15679028031305
562.341325190349,3.162277660168379e-06,0.00630957344480193,2.3808246889650617e-14,48.1196815763929
562.341325190349,5.623413251903491e-06,0.00039810717055349735,5.980353170808828e-18,0.18687482128360308
562.341325190349,5.623413251903491e-06,0.000630957344480193,2.380821479741333e-17,0.46940832797305965
562.341325190349,5.623413251903491e-06,0.001,9.478221028928139e-17,1.1791004098731284
562.341325190349,5.623413251903491e-06,0.001584893192461114,3.773347755707243e-16,2.9617663209476977
562.341325190349,5.623413251903491e-06,0.002511886431509582,1.5021967985390012e-15,7.439620634890576
562.341325190349,5.623413251903491e-06,0.003981071705534973,5.980353170808827e-15,18.687482128360305
562.341325190349,5.623413251903491e-06,0.00630957344480193,2.3808214797413336e-14,46.940832797305966
562.341325190349,1e-05,0.00039810717055349735,5.980338700425102e-18,0.18218173976407565
562.341325190349,1e-05,0.000630957344480193,2.3808157189778114e-17,0.4576198401821903
562.341325190349,1e-05,0.001,9.47819809491548e-17,1.1494890673432274
562.341325190349,1e-05,0.001584893192461114,3.773338625512354e-16,2.8873859914280566
562.341325190349,1e-05,0.002511886431509582,1.5021931637429473e-15,7.252785694398979
562.341325190349,1e-05,0.003981071705534973,5.980338700425102e-15,18.218173976407563
562.341325190349,1e-05,0.00630957344480193,2.380815718977812e-14,45.76198401821904
562.341325190349,1.778279410038923e-05,0.00039810717055349735,5.980314645725714e-18,0.17748865824454818
562.341325190349,1.778279410038923e-05,0.000630957344480193,2.3808061426294995e-17,0.445831352391321
562.341325190349,1.778279410038923e-05,0.001,9.478159970786172e-17,1.1198777248133263
562.341325190349,1.778279410038923e-05,0.001584893192461114,3.7733234480231055e-16,2.8130056619084156
562.341325190349,1.778279410038923e-05,0.002511886431509582,1.5021871214756465e-15,7.06595075390738
562.341325190349,1.778279410038923e-05,0.003981071705534973,5.980314645725713e-15,17.748865824454818
562.341325190349,1.778279410038923e-05,0.00630957344480193,2.3808061426295e-14,44.583135239132105
562.341325190349,3.1622776601683795e-05,0.00039810717055349735,5.980274803152986e-18,0.17279557672502074
562.341325190349,3.1622776601683795e-05,0.000630957344480193,2.3807902810156033e-17,0.43404286460045166
562.341325190349,3.1622776601683795e-05,0.001,9.478096824563887e-17,1.0902663822834253
562.341325190349,3.1622776601683795e-05,0.001584893192461114,3.77329830905922e-16,2.7386253323887746
562.341325190349,3.1622776601683795e-05,0.002511886431509582,1.5021771134738634e-15,6.879115813415782
562.341325190349,3.1622776601683795e-05,0.003981071705534973,5.980274803152985e-15,17.279557672502072
562.341325190349,3.1622776601683795e-05,0.00630957344480193,2.3807902810156036e-14,43.40428646004517
1000.0,1.778279410038923e-06,0.001,1.685496947432767e-17,0.2254741703419437
1000.0,1.778279410038923e-06,0.001584893192461114,6.710084207190162e-17,0.5663655091378086
1000.0,1.778279410038923e-06,0.002511886431509582,2.6713326379001854e-16,1.4226458376782776
1000.0,1.778279410038923e-06,0.003981071705534973,1.063476678081651e-15,3.573524776507642
1000.0,1.778279410038923e-06,0.00630957344480193,4.233776912607179e-15,8.97628839877284
1000.0,1.778279410038923e-06,0.01,1.685496947432767e-14,22.54741703419437
1000.0,1.778279410038923e-06,0.01584893192461114,6.710084207190163e-14,56.63655091378086
1000.0,3.162277660168379e-06,0.001,1.685496142681071e-17,0.2202084462694904
1000.0,3.162277660168379e-06,0.001584893192461114,6.710081003415956e-17,0.5531386082881398
1000.0,3.162277660168379e-06,0.002511886431509582,2.671331362454701e-16,1.389421364903072
1000.0,3.162277660168379e-06,0.003981071705534973,1.063476170317658e-15,3.4900686741495437
1000.0,3.162277660168379e-06,0.00630957344480193,4.2337748911623125e-15,8.766656147632858
1000.0,3.162277660168379e-06,0.01,1.685496142681071e-14,22.020844626949042
1000.0,3.162277660168379e-06,0.01584893192461114,6.710081003415956e-14,55.31386082881398
1000.0,5.623413251903491e-06,0.001,1.6854948019104932e-17,0.2149427221970371
1000.0,5.623413251903491e-06,0.001584893192461114,6.710075665712146e-17,0.539911707438471
1000.0,5.623413251903491e-06,0.002511886431509582,2.6713292374765396e-16,1.3561968921278664
1000.0,5.623413251903491e-06,0.003981071705534973,1.0634753243486148e-15,3.4066125717914453
1000.0,5.623413251903491e-06,0.00630957344480193,4.233771523298891e-15,8.557023896492877
1000.0,5.623413251903491e-06,0.01,1.6854948019104934e-14,21.494272219703713
1000.0,5.623413251903491e-06,0.01584893192461114,6.710075665712146e-14,53.9911707438471
1000.0,1e-05,0.001,1.685492529954084e-17,0.20967699812458385
1000.0,1e-05,0.001584893192461114,6.710066620890768e-17,0.5266848065888022
1000.0,1e-05,0.002511886431509582,2.671325636668293e-16,1.3229724193526609
1000.0,1e-05,0.003981071705534973,1.063473890841032e-15,3.3231564694333473
1000.0,1e-05,0.00630957344480193,4.233765816402413e-15,8.347391645352896
1000.0,1e-05,0.01,1.6854925299540838e-14,20.967699812458385
1000.0,1e-05,0.01584893192461114,6.710066620890768e-14,52.66848065888022
1000.0,1.778279410038923e-05,0.001,1.6854884516458338e-17,0.20441127405213055
1000.0,1.778279410038923e-05,0.001584893192461114,6.710050384853187e-17,0.5134579057391334
1000.0,1.778279410038923e-05,0.002511886431509582,2.6713191729853105e-16,1.289747946577455
1000.0,1.778279410038923e-05,0.003981071705534973,1.0634713176024887e-15,3.239700367075249
1000.0,1.778279410038923e-05,0.00630957344480193,4.233755572155257e-15,8.137759394212914
1000.0,1.778279410038923e-05,0.01,1.685488451645834e-14,20.441127405213056
1000.0,1.778279410038923e-05,0.01584893192461114,6.710050384853187e-14,51.34579057391334
1000.0,3.1622776601683795e-05,0.001,1.6854816721104165e-17,0.19914554997967726
1000.0,3.1622776601683795e-05,0.001584893192461114,6.710023395036561e-17,0.5002310048894646
1000.0,3.1622776601683795e-05,0.002511886431509582,2.6713084281457797e-16,1.2565234738022495
1000.0,3.1622776601683795e-05,0.003981071705534973,1.063467040004825e-15,3.1562442647171505
1000.0,3.1622776601683795e-05,0.00630957344480193,4.2337385427322295e-15,7.928127143072933
1000.0,3.1622776601683795e-05,0.01,1.6854816721104165e-14,19.914554997967727
1000.0,3.1622776601683795e-05,0.01584893192461114,6.710023395036561e-14,50.02310048894646
1000.0,5.623413251903491e-05,0.001,1.685470442947725e-17,0.19387982590722397
1000.0,5.623413251903491e-05,0.001584893192461114,6.709978690934693e-17,0.4870041040397958
1000.0,5.623413251903491e-05,0.002511886431509582,2.671290631122273e-16,1.223299001027044
1000.0,5.623413251903491e-05,0.003981071705534973,1.0634599548821524e-15,3.0727881623590525
1000.0,5.623413251903491e-05,0.00630957344480193,4.233710336350828e-15,7.718494891932951
1000.0,5.623413251903491e-05,0.01,1.6854704429477253e-14,19.387982590722398
1000.0,5.623413251903491e-05,0.01584893192461114,6.709978690934694e-14,48.70041040397958
1000.0,0.0001,0.001,1.6854500498380428e-17,0.18861410183477068
1000.0,0.0001,0.001584893192461114,6.709897504502749e-17,0.473777203190127
562.341325190349,31.622776601683793,0.000630957344480193,1.3479678455507968e-18,0.15111917624531565
562.341325190349,31.622776601683793,0.001,5.36635664989322e-18,0.3795942083515136
562.341325190349,31.622776601683793,0.001584893192461114,2.1363850620699365e-17,0.9534975414377882
562.341325190349,31.622776601683793,0.002511886431509582,8.50510212273421e-17,2.3950775368153256
562.341325190349,31.622776601683793,0.003981071705534973,3.3859421413502543e-16,6.016162767139797
562.341325190349,31.622776601683793,0.00630957344480193,1.347967845550797e-15,15.111917624531568
562.341325190349,31.622776601683793,0.01,5.36635664989322e-15,37.959420835151356
562.341325190349,31.622776601683793,0.01584893192461114,2.1363850620699367e-14,95.34975414377882
562.341325190349,56.23413251903491,0.000630957344480193,2.342674297955524e-19,0.13933072479935443
562.341325190349,56.23413251903491,0.001,9.326354362874754e-19,0.3499829571158941
562.341325190349,56.23413251903491,0.001584893192461114,3.712888546983337e-18,0.8791174412390143
562.341325190349,56.23413251903491,0.002511886431509582,1.4781275540200237e-17,2.208243172351702
562.341325190349,56.23413251903491,0.003981071705534973,5.884531782480723e-17,5.546856062103906
562.341325190349,56.23413251903491,0.00630957344480193,2.3426742979555243e-16,13.933072479935447
562.341325190349,56.23413251903491,0.01,9.326354362874754e-16,34.99829571158941
562.341325190349,56.23413251903491,0.01584893192461114,3.712888546983337e-15,87.91174412390143
562.341325190349,100.0,0.000630957344480193,1.0845814061920207e-20,0.1275423434454004
562.341325190349,100.0,0.001,4.317796348540393e-20,0.3203718819434364
562.341325190349,100.0,0.001584893192461114,1.7189456873436396e-19,0.8047377832909075
562.341325190349,100.0,0.002511886431509582,6.843246039235136e-19,2.0214099187715293
562.341325190349,100.0,0.003981071705534973,2.7243453180813228e-18,5.077552147481081
562.341325190349,100.0,0.00630957344480193,1.0845814061920209e-17,12.754234344540043
562.341325190349,100.0,0.01,4.3177963485403926e-17,32.03718819434364
562.341325190349,100.0,0.01584893192461114,1.7189456873436397e-16,80.47377832909076
562.341325190349,177.82794100389228,0.003981071705534973,1.5367666658343432e-20,4.608256325588003
562.341325190349,177.82794100389228,0.00630957344480193,6.117978291362411e-20,11.575416537162685
562.341325190349,177.82794100389228,0.01,2.435611027082012e-19,29.076131738770577
562.341325190349,177.82794100389228,0.01584893192461114,9.696342145605183e-19,73.03594079540292
1000.0,1e-06,0.001,1.685497401214036e-17,0.230739894414397
1000.0,1e-06,0.001584893192461114,6.710086013725933e-17,0.5795924099874774
1000.0,1e-06,0.002511886431509582,2.6713333570950293e-16,1.4558703104534831
1000.0,1e-06,0.003981071705534973,1.0634769643982757e-15,3.6569808788657405
1000.0,1e-06,0.00630957344480193,4.233778052454191e-15,9.185920649912822
1000.0,1e-06,0.01,1.6854974012140357e-14,23.0739894414397
1000.0,1e-06,0.01584893192461114,6.710086013725933e-14,57.95924099874774
1000.0,0.0001,0.002511886431509582,2.671258310221565e-16,1.1900745282518383
1000.0,0.0001,0.003981071705534973,1.0634470876998215e-15,2.989332060000954
1000.0,0.0001,0.00630957344480193,4.233659111175321e-15,7.5088626407929695
1000.0,0.0001,0.01,1.685450049838043e-14,18.86141018347707
1000.0,0.0001,0.01584893192461114,6.70989750450275e-14,47.3777203190127
1000.0,0.00017782794100389227,0.001,1.6854162597502337e-17,0.1833483777623174
1000.0,0.00017782794100389227,0.001584893192461114,6.709762983740245e-17,0.46055030234045824
1000.0,0.00017782794100389227,0.002511886431509582,2.6712047565414235e-16,1.1568500554766328
1000.0,0.00017782794100389227,0.003981071705534973,1.0634257675957478e-15,2.9058759576428557
1000.0,0.00017782794100389227,0.00630957344480193,4.233574234312234e-15,7.299230389652988
1000.0,0.00017782794100389227,0.01,1.6854162597502337e-14,18.33483777623174
1000.0,0.00017782794100389227,0.01584893192461114,6.709762983740245e-14,46.05503023404582
1000.0,0.00031622776601683794,0.001,1.6853608810142354e-17,0.17808265368986412
1000.0,0.00031622776601683794,0.001584893192461114,6.709542517021273e-17,0.4473234014907894
1000.0,0.00031622776601683794,0.002511886431509582,2.6711169871597323e-16,1.1236255827014272
1000.0,0.00031622776601683794,0.003981071705534973,1.0633908259755416e-15,2.8224198552847573
1000.0,0.00031622776601683794,0.00630957344480193,4.233435129216685e-15,7.089598138513007
1000.0,0.00031622776601683794,0.01,1.6853608810142355e-14,17.80826536898641
1000.0,0.00031622776601683794,0.01584893192461114,6.709542517021274e-14,44.732340149078944
1000.0,0.0005623413251903491,0.001,1.6852613853100398e-17,0.17281692961741082
1000.0,0.0005623413251903491,0.001584893192461114,6.709146417488478e-17,0.43409650064112065
1000.0,0.0005623413251903491,0.002511886431509582,2.6709592970954737e-16,1.0904011099262216
1000.0,0.0005623413251903491,0.003981071705534973,1.063328048430235e-15,2.7389637529266593
1000.0,0.0005623413251903491,0.00630957344480193,4.2331852073073224e-15,6.879965887373025
1000.0,0.0005623413251903491,0.01,1.6852613853100397e-14,17.281692961741083
1000.0,0.0005623413251903491,0.01584893192461114,6.709146417488478e-14,43.40965006411207
1000.0,0.001,0.001,1.6850960603652513e-17,0.16755120554495753
1000.0,0.001,0.001584893192461114,6.708488247028561e-17,0.4208695997914519
1000.0,0.001,0.002511886431509582,2.6706972747159343e-16,1.057176637151016
1000.0,0.001,0.003981071705534973,1.063223735442095e-15,2.655507650568561
1000.0,0.001,0.00630957344480193,4.2327699298217186e-15,6.670333636233043
1000.0,0.001,0.01,1.6850960603652514e-14,16.755120554495754
1000.0,0.001,0.01584893192461114,6.708488247028562e-14,42.08695997914519
1000.0,0.0017782794100389228,0.001,1.684826568810101e-17,0.16228548147250427
1000.0,0.0017782794100389228,0.001584893192461114,6.707415381823472e-17,0.4076426989417831
1000.0,0.0017782794100389228,0.002511886431509582,2.670270159384751e-16,1.0239521643758105
1000.0,0.0017782794100389228,0.003981071705534973,1.0630536977660977e-15,2.572051548210463
1000.0,0.0017782794100389228,0.00630957344480193,4.23209299764093e-15,6.460701385093063
1000.0,0.0017782794100389228,0.01,1.684826568810101e-14,16.22854814725043
1000.0,0.0017782794100389228,0.01584893192461114,6.707415381823473e-14,40.76426989417831
1000.0,0.0031622776601683794,0.001,1.684353785853981e-17,0.15701975740005103
1000.0,0.0031622776601683794,0.001584893192461114,6.705533198974003e-17,0.3944157980921144
1000.0,0.0031622776601683794,0.002511886431509582,2.669520848896085e-16,0.9907276916006051
1000.0,0.0031622776601683794,0.003981071705534973,1.0627553918875885e-15,2.488595445852365
1000.0,0.0031622776601683794,0.00630957344480193,4.230905420548403e-15,6.251069133953083
1000.0,0.0031622776601683794,0.01,1.684353785853981e-14,15.701975740005102
1000.0,0.0031622776601683794,0.01584893192461114,6.705533198974004e-14,39.44157980921145
1000.0,0.0031622776601683794,0.025118864315095822,2.669520848896085e-13,99.07276916006053
1000.0,0.005623413251903491,0.001,1.6835646625106883e-17,0.15175403332759785
1000.0,0.005623413251903491,0.001584893192461114,6.702391642359844e-17,0.3811888972424459
1000.0,0.005623413251903491,0.002511886431509582,2.668270172681288e-16,0.9575032188254002
1000.0,0.005623413251903491,0.003981071705534973,1.0622574887184374e-15,2.4051393434942687
1000.0,0.005623413251903491,0.00630957344480193,4.228923232329599e-15,6.041436882813105
1000.0,0.005623413251903491,0.01,1.6835646625106885e-14,15.175403332759785
1000.0,0.005623413251903491,0.01584893192461114,6.702391642359844e-14,38.118889724244596
1000.0,0.005623413251903491,0.025118864315095822,2.668270172681289e-13,95.75032188254004
1000.0,0.01,0.001,1.6822886747680062e-17,0.14648830925514492
1000.0,0.01,0.001584893192461114,6.697311843660841e-17,0.36796199639277805
1000.0,0.01,0.002511886431509582,2.666247868394247e-16,0.9242787460501969
1000.0,0.01,0.003981071705534973,1.0614523948807253e-15,2.321683241136176
1000.0,0.01,0.00630957344480193,4.225718096031983e-15,5.831804631673139
1000.0,0.01,0.01,1.682288674768006e-14,14.648830925514492
1000.0,0.01,0.01584893192461114,6.697311843660842e-14,36.7961996392778
1000.0,0.01,0.025118864315095822,2.6662478683942476e-13,92.4278746050197
1000.0,0.01778279410038923,0.001,1.680110742693411e-17,0.1412225851826927
1000.0,0.01778279410038923,0.001584893192461114,6.688641339902094e-17,0.35473509554311194
1000.0,0.01778279410038923,0.002511886431509582,2.6627960786755784e-16,0.8910542732749981
1000.0,0.01778279410038923,0.003981071705534973,1.0600782126424805e-15,2.238227138778095
1000.0,0.01778279410038923,0.00630957344480193,4.220247378005058e-15,5.6221723805332
1000.0,0.01778279410038923,0.01,1.680110742693411e-14,14.122258518269271
1000.0,0.01778279410038923,0.01584893192461114,6.688641339902094e-14,35.4735095543112
1000.0,0.01778279410038923,0.025118864315095822,2.6627960786755787e-13,89.10542732749983
1000.0,0.03162277660168379,0.001,1.6764734215749966e-17,0.13595686111024272
1000.0,0.03162277660168379,0.001584893192461114,6.674160903713629e-17,0.34150819469345145
1000.0,0.03162277660168379,0.002511886431509582,2.6570313131962086e-16,0.8578298004998134
1000.0,0.03162277660168379,0.003981071705534973,1.057783218168584e-15,2.154771036420049
1000.0,0.03162277660168379,0.00630957344480193,4.211110840440669e-15,5.41254012939335
1000.0,0.03162277660168379,0.01,1.6764734215749967e-14,13.595686111024273
1000.0,0.03162277660168379,0.01584893192461114,6.67416090371363e-14,34.150819469345144
1000.0,0.03162277660168379,0.025118864315095822,2.657031313196209e-13,85.78298004998135
1000.0,0.05623413251903491,0.001,1.6706671865203312e-17,0.1306911370377995
1000.0,0.05623413251903491,0.001584893192461114,6.651045865621816e-17,0.32828129384380794
1000.0,0.05623413251903491,0.002511886431509582,2.64782905078424e-16,0.8246053277246713
1000.0,0.05623413251903491,0.003981071705534973,1.0541197315170646e-15,2.07131493406211
1000.0,0.05623413251903491,0.00630957344480193,4.1965262373887e-15,5.202907878253769
1000.0,0.05623413251903491,0.01,1.6706671865203313e-14,13.069113703779951
1000.0,0.05623413251903491,0.01584893192461114,6.651045865621816e-14,32.828129384380794
1000.0,0.05623413251903491,0.025118864315095822,2.647829050784241e-13,82.46053277246715
1000.0,0.1,0.001,1.661083992908025e-17,0.12542541296537685
1000.0,0.1,0.001584893192461114,6.6128944846832e-17,0.3150543929942161
1000.0,0.1,0.002511886431509582,2.6326407124660594e-16,0.791380854949659
1000.0,0.1,0.003981071705534973,1.0480731451238043e-15,1.9878588317044974
1000.0,0.1,0.00630957344480193,4.172454343383419e-15,4.993275627115008
1000.0,0.1,0.01,1.661083992908025e-14,12.542541296537685
1000.0,0.1,0.01584893192461114,6.612894484683201e-14,31.505439299421614
1000.0,0.1,0.025118864315095822,2.63264071246606e-13,79.1380854949659
1000.0,0.1778279410038923,0.001,1.6451984989096397e-17,0.12015968889301665
1000.0,0.1778279410038923,0.001584893192461114,6.549653193997782e-17,0.30182749214478116
1000.0,0.1778279410038923,0.002511886431509582,2.6074639011691363e-16,0.7581563821750407
1000.0,0.1778279410038923,0.003981071705534973,1.038050076014827e-15,1.9044027293478745
1000.0,0.1778279410038923,0.00630957344480193,4.1325517865510474e-15,4.783643375978731
1000.0,0.1778279410038923,0.01,1.6451984989096394e-14,12.015968889301664
1000.0,0.1778279410038923,0.01584893192461114,6.549653193997782e-14,30.182749214478115
1000.0,0.1778279410038923,0.025118864315095822,2.6074639011691366e-13,75.81563821750409
1000.0,0.31622776601683794,0.001,1.620422249185428e-17,0.11489396482084571
1000.0,0.31622776601683794,0.001584893192461114,6.451017167251455e-17,0.2886005912958216
1000.0,0.31622776601683794,0.002511886431509582,2.5681961916465164e-16,0.7249319094016167
1000.0,0.31622776601683794,0.003981071705534973,1.0224173192826602e-15,1.8209466269942511
1000.0,0.31622776601683794,0.00630957344480193,4.0703166610451074e-15,4.57401112484999
1000.0,0.31622776601683794,0.01,1.620422249185428e-14,11.489396482084572
1000.0,0.31622776601683794,0.01584893192461114,6.451017167251454e-14,28.86005912958216
1000.0,0.31622776601683794,0.025118864315095822,2.568196191646517e-13,72.49319094016167
1000.0,0.5623413251903491,0.001,1.5814091616248595e-17,0.10962824074924736
1000.0,0.5623413251903491,0.001584893192461114,6.295703268218518e-17,0.2753736904483003
1000.0,0.5623413251903491,0.002511886431509582,2.5063646147548826e-16,0.6917074366318052
1000.0,0.5623413251903491,0.003981071705534973,9.978017251554707e-16,1.7374905246497026
1000.0,0.5623413251903491,0.00630957344480193,3.972320215750421e-15,4.3643788737440445
1000.0,0.5623413251903491,0.01,1.5814091616248597e-14,10.962824074924736
1000.0,0.5623413251903491,0.01584893192461114,6.295703268218518e-14,27.53736904483003
1000.0,0.5623413251903491,0.025118864315095822,2.506364614754883e-13,69.17074366318053
1000.0,1.0,0.001,1.5184968623438577e-17,0.10436251667937758
1000.0,1.0,0.001584893192461114,6.045244893620772e-17,0.262146789605121
1000.0,1.0,0.002511886431509582,2.406655339902346e-16,0.6584829638729005
1000.0,1.0,0.003981071705534973,9.581067478659866e-16,1.65403442233255
1000.0,1.0,0.00630957344480193,3.814291664811403e-15,4.154746622706915
1000.0,1.0,0.01,1.5184968623438578e-14,10.436251667937759
1000.0,1.0,0.01584893192461114,6.045244893620773e-14,26.2146789605121
1000.0,1.0,0.025118864315095822,2.4066553399023467e-13,65.84829638729006
1000.0,1.7782794100389228,0.001584893192461114,5.674463199943205e-17,0.24891988877502055
1000.0,1.7782794100389228,0.002511886431509582,2.2590444889393356e-16,0.6252584911468484
1000.0,1.7782794100389228,0.003981071705534973,8.993418096461087e-16,1.5705783200979198
1000.0,1.7782794100389228,0.00630957344480193,3.580344231986736e-15,3.9451143718770703
1000.0,1.7782794100389228,0.01,1.4253607118037752e-14,9.90967926147146
1000.0,1.7782794100389228,0.01584893192461114,5.674463199943205e-14,24.891988877502055
1000.0,1.7782794100389228,0.025118864315095822,2.2590444889393363e-13,62.52584911468485
1000.0,3.1622776601683795,0.001584893192461114,5.140199761174124e-17,0.23569298798421792
1000.0,3.1622776601683795,0.002511886431509582,2.046350383000795e-16,0.5920340185195079
1000.0,3.1622776601683795,0.003981071705534973,8.146667609375107e-16,1.4871222181112418
1000.0,3.1622776601683795,0.00630957344480193,3.2432467914081417e-15,3.7354821216700542
1000.0,3.1622776601683795,0.01,1.2911598035342052e-14,9.383106856569635
1000.0,3.1622776601683795,0.01584893192461114,5.140199761174124e-14,23.56929879842179
1000.0,3.1622776601683795,0.025118864315095822,2.0463503830007955e-13,59.2034018519508
1000.0,5.623413251903491,0.001584893192461114,4.3555136086592184e-17,0.22246608731116782
1000.0,5.623413251903491,0.002511886431509582,1.7339611990505756e-16,0.5588095461879484
1000.0,5.623413251903491,0.003981071705534973,6.90302386803573e-16,1.4036661168675322
1000.0,5.623413251903491,0.00630957344480193,2.748143300366958e-15,3.5258498733292907
1000.0,5.623413251903491,0.01,1.0940555535846406e-14,8.856534456355623
1000.0,5.623413251903491,0.01584893192461114,4.3555136086592187e-14,22.246608731116783
1000.0,5.623413251903491,0.025118864315095822,1.7339611990505761e-13,55.88095461879485
1000.0,10.0,0.001584893192461114,3.364799350207188e-17,0.20923918698987223
1000.0,10.0,0.002511886431509582,1.3395507487912313e-16,0.5255850747399563
1000.0,10.0,0.003981071705534973,5.332847584140948e-16,1.3202100178432434
1000.0,10.0,0.00630957344480193,2.1230448627154026e-15,3.31621763056346
1000.0,10.0,0.01,8.451993832537679e-15,8.32996207014521
1000.0,10.0,0.01584893192461114,3.364799350207188e-14,20.923918698987226
1000.0,10.0,0.025118864315095822,1.3395507487912316e-13,52.55850747399564
1000.0,17.78279410038923,0.001584893192461114,2.2540463248429776e-17,0.19601228771574203
1000.0,17.78279410038923,0.002511886431509582,8.97352004679748e-17,0.4923606059223248
1000.0,17.78279410038923,0.003981071705534973,3.572422675735625e-16,1.2367539254261217
1000.0,17.78279410038923,0.00630957344480193,1.4222070834582611e-15,3.1065854043940826
1000.0,17.78279410038923,0.01,5.661908379367105e-15,7.803389725623203
1000.0,17.78279410038923,0.01584893192461114,2.2540463248429777e-14,19.601228771574206
1000.0,17.78279410038923,0.025118864315095822,8.973520046797482e-14,49.236060592232484
1000.0,31.622776601683793,0.001584893192461114,1.1361785105907267e-17,0.18278539154692214
1000.0,31.622776601683793,0.002511886431509582,4.5232081209496145e-17,0.45913614490488003
1000.0,31.622776601683793,0.003981071705534973,1.8007215868558491e-16,1.1532978526021833
1000.0,31.622776601683793,0.00630957344480193,7.168801758977844e-16,2.8969532274405565
1000.0,31.622776601683793,0.01,2.8539513845256074e-15,7.276817504725826
1000.0,31.622776601683793,0.01584893192461114,1.1361785105907269e-14,18.278539154692215
1000.0,31.622776601683793,0.025118864315095822,4.5232081209496154e-14,45.91361449048801
1000.0,56.23413251903491,0.001584893192461114,3.799089567793694e-18,0.1695585045461553
1000.0,56.23413251903491,0.002511886431509582,1.512444798513658e-17,0.4259117069165433
1000.0,56.23413251903491,0.003981071705534973,6.021151193546256e-17,1.069841837624749
1000.0,56.23413251903491,0.00630957344480193,2.397063465137509e-16,2.687321195790879
1000.0,56.23413251903491,0.01,9.542881537430564e-16,6.750245648815214
1000.0,56.23413251903491,0.01584893192461114,3.799089567793693e-15,16.955850454615533
1000.0,56.23413251903491,0.025118864315095822,1.512444798513658e-14,42.591170691654334
1000.0,100.0,0.001584893192461114,6.6025532548698e-19,0.15633164447614414
1000.0,100.0,0.002511886431509582,2.628523794725003e-18,0.3926873365752064
1000.0,100.0,0.003981071705534973,1.046434170650511e-17,0.9863859925688955
1000.0,100.0,0.00630957344480193,4.1659294684816966e-17,2.477689590964915
1000.0,100.0,0.01,1.6584863934226848e-16,6.223674865037297
1000.0,100.0,0.01584893192461114,6.602553254869801e-16,15.633164447614414
1000.0,100.0,0.025118864315095822,2.6285237947250036e-15,39.26873365752064
1000.0,100.0,0.039810717055349734,1.0464341706505109e-14,98.63859925688955
1000.0,177.82794100389228,0.001584893192461114,3.0567657227784054e-20,0.14310486305065853
1000.0,177.82794100389228,0.002511886431509582,1.2169203529402283e-19,0.3594631637799861
1000.0,177.82794100389228,0.003981071705534973,4.844647184979967e-19,0.902930643726452
1000.0,177.82794100389228,0.00630957344480193,1.928688783142337e-18,2.268059232570683
1000.0,177.82794100389228,0.01,7.678248343350642e-18,5.697107212154334
1000.0,177.82794100389228,0.01584893192461114,3.0567657227784057e-17,14.310486305065854
1000.0,177.82794100389228,0.025118864315095822,1.2169203529402287e-16,35.94631637799861
1000.0,177.82794100389228,0.039810717055349734,4.844647184979967e-16,90.2930643726452
1000.0,316.22776601683796,0.00630957344480193,1.0879474826594883e-20,2.0584324890660444
1000.0,316.22776601683796,0.01,4.3311969403236937e-20,5.170548639463493
1000.0,316.22776601683796,0.01584893192461114,1.7242805590222322e-19,12.987830970928679
1000.0,316.22776601683796,0.025118864315095822,6.864484545927443e-19,32.62395639061567
1000.0,316.22776601683796,0.039810717055349734,2.7328005198873775e-18,81.94767339974766
1778.2794100389228,1e-06,0.001584893192461114,1.193240965344899e-17,0.1054198374335161
1778.2794100389228,1e-06,0.002511886431509582,4.7503778450198195e-17,0.264802659261195
1778.2794100389228,1e-06,0.003981071705534973,1.891159482940857e-16,0.6651542068258497
1778.2794100389228,1e-06,0.00630957344480193,7.528841508189981e-16,1.6707918269873667
1778.2794100389228,1e-06,0.01,2.9972857903712417e-15,4.196839320086672
1778.2794100389228,1e-06,0.01584893192461114,1.1932409653448991e-14,10.54198374335161
1778.2794100389228,1e-06,0.025118864315095822,4.7503778450198205e-14,26.480265926119504
1778.2794100389228,1e-06,0.039810717055349734,1.891159482940857e-13,66.51542068258497
1778.2794100389228,1.778279410038923e-06,0.001584893192461114,1.1932407797798978e-17,0.10306772488955686
1778.2794100389228,1.778279410038923e-06,0.002511886431509582,4.750377106272244e-17,0.25889441967664034
1778.2794100389228,1.778279410038923e-06,0.003981071705534973,1.89115918884015e-16,0.6503133799792989
1778.2794100389228,1.778279410038923e-06,0.00630957344480193,7.528840337353978e-16,1.633513355399133
1778.2794100389228,1.778279410038923e-06,0.01,2.997285324253033e-15,4.103200033116772
1778.2794100389228,1.778279410038923e-06,0.01584893192461114,1.193240779779898e-14,10.306772488955687
1778.2794100389228,1.778279410038923e-06,0.025118864315095822,4.7503771062722446e-14,25.889441967664037
1778.2794100389228,1.778279410038923e-06,0.039810717055349734,1.89115918884015e-13,65.0313379979299
1778.2794100389228,3.162277660168379e-06,0.001584893192461114,1.1932404585273614e-17,0.10071561234559763
1778.2794100389228,3.162277660168379e-06,0.002511886431509582,4.7503758273428613e-17,0.2529861800920856
1778.2794100389228,3.162277660168379e-06,0.003981071705534973,1.891158679689192e-16,0.6354725531327483
1778.2794100389228,3.162277660168379e-06,0.00630957344480193,7.528838310387506e-16,1.5962348838108993
1778.2794100389228,3.162277660168379e-06,0.01,2.997284517303146e-15,4.009560746146872
1778.2794100389228,3.162277660168379e-06,0.01584893192461114,1.1932404585273616e-14,10.071561234559763
1778.2794100389228,3.162277660168379e-06,0.025118864315095822,4.750375827342862e-14,25.298618009208568
1778.2794100389228,3.162277660168379e-06,0.039810717055349734,1.891158679689192e-13,63.54725531327483
1778.2794100389228,5.623413251903491e-06,0.002511886431509582,4.7503735592444173e-17,0.24707794050753096
1778.2794100389228,5.623413251903491e-06,0.003981071705534973,1.891157776742938e-16,0.6206317262861976
1778.2794100389228,5.623413251903491e-06,0.00630957344480193,7.528834715693722e-16,1.5589564122226656
1778.2794100389228,5.623413251903491e-06,0.01,2.997283086229775e-15,3.915921459176972
1778.2794100389228,5.623413251903491e-06,0.01584893192461114,1.1932398888067909e-14,9.83634998016384
1778.2794100389228,5.623413251903491e-06,0.025118864315095822,4.7503735592444185e-14,24.707794050753098
1778.2794100389228,5.623413251903491e-06,0.039810717055349734,1.891157776742938e-13,62.06317262861976
1778.2794100389228,1e-05,0.002511886431509582,4.7503697804395066e-17,0.24116970092297627
1778.2794100389228,1e-05,0.003981071705534973,1.8911562723736067e-16,0.6057908994396469
1778.2794100389228,1e-05,0.00630957344480193,7.528828726691543e-16,1.5216779406344318
1778.2794100389228,1e-05,0.01,2.997280701965063e-15,3.822282172207072
1778.2794100389228,1e-05,0.01584893192461114,1.1932389396139127e-14,9.601138725767917
1778.2794100389228,1e-05,0.025118864315095822,4.7503697804395075e-14,24.11697009229763
1778.2794100389228,1e-05,0.039810717055349734,1.891156272373607e-13,60.57908994396469
1778.2794100389228,1.778279410038923e-05,0.002511886431509582,4.7503633771963417e-17,0.23526146133842157
1778.2794100389228,1.778279410038923e-05,0.003981071705534973,1.891153723196588e-16,0.5909500725930962
1778.2794100389228,1.778279410038923e-05,0.00630957344480193,7.528818578235041e-16,1.484399469046198
1778.2794100389228,1.778279410038923e-05,0.01,2.9972766617917594e-15,3.7286428852371727
1778.2794100389228,1.778279410038923e-05,0.01584893192461114,1.1932373311919503e-14,9.365927471371993
1778.2794100389228,1.778279410038923e-05,0.025118864315095822,4.7503633771963424e-14,23.52614613384216
1778.2794100389228,1.778279410038923e-05,0.039810717055349734,1.8911537231965881e-13,59.09500725930962
1778.2794100389228,3.1622776601683795e-05,0.002511886431509582,4.7503518829619814e-17,0.22935322175386688
1778.2794100389228,3.1622776601683795e-05,0.003981071705534973,1.8911491472594692e-16,0.5761092457465455
1778.2794100389228,3.1622776601683795e-05,0.00630957344480193,7.528800361101251e-16,1.4471209974579642
1778.2794100389228,3.1622776601683795e-05,0.01,2.9972694094201707e-15,3.635003598267273
1778.2794100389228,3.1622776601683795e-05,0.01584893192461114,1.1932344439708172e-14,9.13071621697607
1778.2794100389228,3.1622776601683795e-05,0.025118864315095822,4.7503518829619825e-14,22.93532217538669
1778.2794100389228,3.1622776601683795e-05,0.039810717055349734,1.8911491472594691e-13,57.61092457465455
1778.2794100389228,5.623413251903491e-05,0.002511886431509582,4.750332775635079e-17,0.22344498216931222
1778.2794100389228,5.623413251903491e-05,0.003981071705534973,1.8911415404956194e-16,0.5612684188999948
1778.2794100389228,5.623413251903491e-05,0.00630957344480193,7.528770078028918e-16,1.4098425258697305
1778.2794100389228,5.623413251903491e-05,0.01,2.9972573535119285e-15,3.541364311297373
1778.2794100389228,5.623413251903491e-05,0.01584893192461114,1.1932296444272984e-14,8.895504962580146
1778.2794100389228,5.623413251903491e-05,0.025118864315095822,4.75033277563508e-14,22.344498216931225
1778.2794100389228,5.623413251903491e-05,0.039810717055349734,1.8911415404956193e-13,56.12684188999948
1778.2794100389228,0.0001,0.002511886431509582,4.750301127554617e-17,0.21753674258475753
1778.2794100389228,0.0001,0.003981071705534973,1.8911289411678532e-16,0.546427592053444
1778.2794100389228,0.0001,0.00630957344480193,7.528719919201639e-16,1.3725640542814967
1778.2794100389228,0.0001,0.01,2.9972373849231226e-15,3.447725024327473
1778.2794100389228,0.0001,0.01584893192461114,1.193221694788909e-14,8.660293708184224
1778.2794100389228,0.0001,0.025118864315095822,4.7503011275546186e-14,21.753674258475755
1778.2794100389228,0.0001,0.039810717055349734,1.8911289411678533e-13,54.64275920534441
1778.2794100389228,0.00017782794100389227,0.002511886431509582,4.7502436519623734e-17,0.21162850300020283
1778.2794100389228,0.00017782794100389227,0.003981071705534973,1.8911060597224493e-16,0.5315867652068934
1778.2794100389228,0.00017782794100389227,0.00630957344480193,7.52862882652676e-16,1.335285582693263
1778.2794100389228,0.00017782794100389227,0.01,2.997201120276068e-15,3.354085737357573
1778.2794100389228,0.00017782794100389227,0.01584893192461114,1.193207257572879e-14,8.4250824537883
1778.2794100389228,0.00017782794100389227,0.025118864315095822,4.750243651962375e-14,21.16285030002029
1778.2794100389228,0.00017782794100389227,0.039810717055349734,1.8911060597224491e-13,53.15867652068934
1778.2794100389228,0.00031622776601683794,0.002511886431509582,4.7501484185556464e-17,0.20572026341564814
1778.2794100389228,0.00031622776601683794,0.003981071705534973,1.8910681466203548e-16,0.5167459383603427
1778.2794100389228,0.00031622776601683794,0.00630957344480193,7.528477891748743e-16,1.298007111105029
1778.2794100389228,0.00031622776601683794,0.01,2.9971410320586535e-15,3.2604464503876733
1778.2794100389228,0.00031622776601683794,0.01584893192461114,1.1931833360226606e-14,8.189871199392377
1778.2794100389228,0.00031622776601683794,0.025118864315095822,4.750148418555647e-14,20.57202634156482
1778.2794100389228,0.00031622776601683794,0.039810717055349734,1.891068146620355e-13,51.67459383603427
1778.2794100389228,0.0005623413251903491,0.002511886431509582,4.749992340071353e-17,0.19981202383109348
1778.2794100389228,0.0005623413251903491,0.003981071705534973,1.8910060106565888e-16,0.501905111513792
1778.2794100389228,0.0005623413251903491,0.00630957344480193,7.528230524021497e-16,1.2607286395167954
1778.2794100389228,0.0005623413251903491,0.01,2.9970425531926737e-15,3.1668071634177735
1778.2794100389228,0.0005623413251903491,0.01584893192461114,1.1931441308799658e-14,7.954659944996452
1778.2794100389228,0.0005623413251903491,0.025118864315095822,4.749992340071355e-14,19.98120238310935
1778.2794100389228,0.0005623413251903491,0.039810717055349734,1.8910060106565888e-13,50.1905111513792
1778.2794100389228,0.001,0.002511886431509582,4.749711923076914e-17,0.19390378424653879
1778.2794100389228,0.001,0.003981071705534973,1.8908943746403577e-16,0.48706428466724133
1778.2794100389228,0.001,0.00630957344480193,7.527786093035961e-16,1.2234501679285616
1778.2794100389228,0.001,0.01,2.996865622030515e-15,3.0731678764478736
1778.2794100389228,0.001,0.01584893192461114,1.1930736933156162e-14,7.7194486906005295
1778.2794100389228,0.001,0.025118864315095822,4.7497119230769154e-14,19.390378424653882
1778.2794100389228,0.001,0.039810717055349734,1.8908943746403575e-13,48.706428466724134
1778.2794100389228,0.0017782794100389228,0.002511886431509582,4.74924597407441e-17,0.1879955446619841
1778.2794100389228,0.0017782794100389228,0.003981071705534973,1.8907088770013485e-16,0.47222345782069064
1778.2794100389228,0.0017782794100389228,0.00630957344480193,7.527047613633858e-16,1.186171696340328
1778.2794100389228,0.0017782794100389228,0.01,2.996571628085232e-15,2.9795285894779737
1778.2794100389228,0.0017782794100389228,0.01584893192461114,1.1929566522178998e-14,7.484237436204606
1778.2794100389228,0.0017782794100389228,0.025118864315095822,4.7492459740744114e-14,18.799554466198412
1778.2794100389228,0.0017782794100389228,0.039810717055349734,1.8907088770013485e-13,47.22234578206906
1778.2794100389228,0.0031622776601683794,0.002511886431509582,4.748486443675255e-17,0.18208730507742943
1778.2794100389228,0.0031622776601683794,0.003981071705534973,1.8904065025031914e-16,0.45738263097413995
1778.2794100389228,0.0031622776601683794,0.00630957344480193,7.525843839074769e-16,1.1488932247520942
1778.2794100389228,0.0031622776601683794,0.01,2.996092396801529e-15,2.8858893025080743
1778.2794100389228,0.0031622776601683794,0.01584893192461114,1.192765866807504e-14,7.249026181808683
1778.2794100389228,0.0031622776601683794,0.025118864315095822,4.748486443675256e-14,18.208730507742946
1778.2794100389228,0.0031622776601683794,0.039810717055349734,1.8904065025031914e-13,45.738263097414
1778.2794100389228,0.005623413251903491,0.002511886431509582,4.7471539602615335e-17,0.1761790654928748
1778.2794100389228,0.005623413251903491,0.003981071705534973,1.8898760313015452e-16,0.44254180412758937
1778.2794100389228,0.005623413251903491,0.00630957344480193,7.523731995183294e-16,1.1116147531638607
1778.2794100389228,0.005623413251903491,0.01,2.9952516566052432e-15,2.792250015538175
1778.2794100389228,0.005623413251903491,0.01584893192461114,1.1924311621067901e-14,7.013814927412762
1778.2794100389228,0.005623413251903491,0.025118864315095822,4.7471539602615344e-14,17.61790654928748
1778.2794100389228,0.005623413251903491,0.039810717055349734,1.8898760313015452e-13,44.254180412758934
1778.2794100389228,0.01,0.002511886431509582,4.7449299085001354e-17,0.17027082590832024
1778.2794100389228,0.01,0.003981071705534973,1.8889906203476504e-16,0.427700977281039
1778.2794100389228,0.01,0.00630957344480193,7.520207110686973e-16,1.0743362815756279
1778.2794100389228,0.01,0.01,2.993848374811885e-15,2.698610728568277
1778.2794100389228,0.01,0.01584893192461114,1.191872505562547e-14,6.778603673016843
1778.2794100389228,0.01,0.025118864315095822,4.744929908500136e-14,17.027082590832027
1778.2794100389228,0.01,0.039810717055349734,1.8889906203476505e-13,42.7700977281039
3162.2776601683795,5.623413251903491e-06,0.003981071705534973,3.363008541207684e-17,0.11300477568808315
3162.2776601683795,5.623413251903491e-06,0.00630957344480193,1.338837814887433e-16,0.28385516274667943
3162.2776601683795,5.623413251903491e-06,0.01,5.330009343148636e-16,0.7130119318173282
3162.2776601683795,5.623413251903491e-06,0.01584893192461114,2.12191493862461e-15,1.791004997036382
3162.2776601683795,5.623413251903491e-06,0.025118864315095822,8.447495523710424e-15,4.4988011508215475
3162.2776601683795,5.623413251903491e-06,0.039810717055349734,3.3630085412076843e-14,11.300477568808315
3162.2776601683795,5.623413251903491e-06,0.06309573444801936,1.3388378148874366e-13,28.385516274667992
3162.2776601683795,5.623413251903491e-06,0.1,5.330009343148636e-13,71.30119318173283
3162.2776601683795,1e-05,0.003981071705534973,3.3630069355169526e-17,0.11036566200716576
3162.2776601683795,1e-05,0.00630957344480193,1.3388371756504391e-16,0.2772260089003717
3162.2776601683795,1e-05,0.01,5.330006798300325e-16,0.6963602502183983
3162.2776601683795,1e-05,0.01584893192461114,2.12191392550225e-15,1.749177863966212
3162.2776601683795,1e-05,0.025118864315095822,8.447491490397662e-15,4.393736142793642
3162.2776601683795,1e-05,0.039810717055349734,3.3630069355169525e-14,11.036566200716576
3162.2776601683795,1e-05,0.06309573444801936,1.3388371756504427e-13,27.72260089003722
3162.2776601683795,1e-05,0.1,5.330006798300325e-13,69.63602502183984
3162.2776601683795,1.778279410038923e-05,0.003981071705534973,3.363004260327945e-17,0.10772654832624835
3162.2776601683795,1.778279410038923e-05,0.00630957344480193,1.338836110638513e-16,0.270596855054064
3162.2776601683795,1.778279410038923e-05,0.01,5.33000255841148e-16,0.6797085686194684
3162.2776601683795,1.778279410038923e-05,0.01584893192461114,2.121912237572098e-15,1.7073507308960425
3162.2776601683795,1.778279410038923e-05,0.025118864315095822,8.447484770626693e-15,4.288671134765737
3162.2776601683795,1.778279410038923e-05,0.039810717055349734,3.3630042603279455e-14,10.772654832624836
3162.2776601683795,1.778279410038923e-05,0.06309573444801936,1.3388361106385166e-13,27.05968550540645
3162.2776601683795,1.778279410038923e-05,0.1,5.33000255841148e-13,67.97085686194684
3162.2776601683795,3.1622776601683795e-05,0.003981071705534973,3.3629997271789404e-17,0.10508743464533096
3162.2776601683795,3.1622776601683795e-05,0.00630957344480193,1.338834305959389e-16,0.2639677012077563
3162.2776601683795,3.1622776601683795e-05,0.01,5.329995373854482e-16,0.6630568870205386
3162.2776601683795,3.1622776601683795e-05,0.01584893192461114,2.12190937734844e-15,1.6655235978258727
3162.2776601683795,3.1622776601683795e-05,0.025118864315095822,8.447473383871215e-15,4.183606126737832
3162.2776601683795,3.1622776601683795e-05,0.039810717055349734,3.362999727178941e-14,10.508743464533095
3162.2776601683795,3.1622776601683795e-05,0.06309573444801936,1.3388343059593923e-13,26.396770120775678
3162.2776601683795,3.1622776601683795e-05,0.1,5.329995373854482e-13,66.30568870205386
3162.2776601683795,5.623413251903491e-05,0.003981071705534973,3.3629915898841804e-17,0.10244832096441356
3162.2776601683795,5.623413251903491e-05,0.00630957344480193,1.338831066443996e-16,0.25733854736144857
3162.2776601683795,5.623413251903491e-05,0.01,5.329982477111411e-16,0.6464052054216086
3162.2776601683795,5.623413251903491e-05,0.01584893192461114,2.1219042430625466e-15,1.6236964647557028
3162.2776601683795,5.623413251903491e-05,0.025118864315095822,8.447452943910919e-15,4.078541118709927
3162.2776601683795,5.623413251903491e-05,0.039810717055349734,3.3629915898841804e-14,10.244832096441357
3162.2776601683795,5.623413251903491e-05,0.06309573444801936,1.3388310664439997e-13,25.733854736144902
3162.2776601683795,5.623413251903491e-05,0.1,5.329982477111412e-13,64.64052054216087
3162.2776601683795,0.0001,0.00630957344480193,1.3388256812675958e-16,0.2507093935151409
3162.2776601683795,0.0001,0.01,5.329961038338015e-16,0.6297535238226788
3162.2776601683795,0.0001,0.01584893192461114,2.12189570813313e-15,1.581869331685533
3162.2776601683795,0.0001,0.025118864315095822,8.447418965744908e-15,3.9734761106820216
3162.2776601683795,0.0001,0.039810717055349734,3.362978062932649e-14,9.980920728349616
3162.2776601683795,0.0001,0.06309573444801936,1.3388256812675992e-13,25.07093935151413
3162.2776601683795,0.0001,0.1,5.329961038338015e-13,62.97535238226788
3162.2776601683795,0.00017782794100389227,0.00630957344480193,1.3388167616266177e-16,0.24408023966883316
3162.2776601683795,0.00017782794100389227,0.01,5.329925528607693e-16,0.6131018422237489
3162.2776601683795,0.00017782794100389227,0.01584893192461114,2.1218815714548644e-15,1.5400421986153634
3162.2776601683795,0.00017782794100389227,0.025118864315095822,8.447362686615056e-15,3.8684111026541164
3162.2776601683795,0.00017782794100389227,0.039810717055349734,3.3629556578075027e-14,9.717009360257876
3162.2776601683795,0.00017782794100389227,0.06309573444801936,1.3388167616266212e-13,24.40802396688336
3162.2776601683795,0.00017782794100389227,0.1,5.329925528607694e-13,61.31018422237489
3162.2776601683795,0.00031622776601683794,0.00630957344480193,1.3388005628038032e-16,0.23745108582252547
3162.2776601683795,0.00031622776601683794,0.01,5.329861039932524e-16,0.5964501606248189
3162.2776601683795,0.00031622776601683794,0.01584893192461114,2.12185589805086e-15,1.4982150655451936
3162.2776601683795,0.00031622776601683794,0.025118864315095822,8.44726047895279e-15,3.763346094626211
3162.2776601683795,0.00031622776601683794,0.039810717055349734,3.362914968204269e-14,9.453097992166137
3162.2776601683795,0.00031622776601683794,0.06309573444801936,1.3388005628038067e-13,23.745108582252588
3162.2776601683795,0.00031622776601683794,0.1,5.329861039932525e-13,59.6450160624819
1778.2794100389228,0.01778279410038923,0.002511886431509582,4.741333686425657e-17,0.16436258632376594
1778.2794100389228,0.01778279410038923,0.003981071705534973,1.8875589385528977e-16,0.4128601504344893
1778.2794100389228,0.01778279410038923,0.00630957344480193,7.514507482802554e-16,1.0370578099873966
1778.2794100389228,0.01778279410038923,0.01,2.991579312081611e-15,2.6049714415983836
1778.2794100389228,0.01778279410038923,0.01584893192461114,1.1909691754191893e-14,6.543392418620935
1778.2794100389228,0.01778279410038923,0.025118864315095822,4.741333686425658e-14,16.436258632376596
1778.2794100389228,0.01778279410038923,0.039810717055349734,1.8875589385528978e-13,41.28601504344893
1778.2794100389228,0.03162277660168379,0.002511886431509582,4.735195439841164e-17,0.15845434673921246
1778.2794100389228,0.03162277660168379,0.003981071705534973,1.8851152585729858e-16,0.3980193235879417
1778.2794100389228,0.03162277660168379,0.00630957344480193,7.504779017577144e-16,0.9997793383991704
1778.2794100389228,0.03162277660168379,0.01,2.987706340316895e-15,2.5113321546285032
1778.2794100389228,0.03162277660168379,0.01584893192461114,1.1894273175883046e-14,6.3081811642250605
1778.2794100389228,0.03162277660168379,0.025118864315095822,4.7351954398411654e-14,15.845434673921249
1778.2794100389228,0.03162277660168379,0.039810717055349734,1.8851152585729858e-13,39.80193235879417
1778.2794100389228,0.03162277660168379,0.06309573444801936,7.504779017577164e-13,99.97793383991721
1778.2794100389228,0.05623413251903491,0.002511886431509582,4.7249440760854975e-17,0.1525461071546615
1778.2794100389228,0.05623413251903491,0.003981071705534973,1.8810341171539026e-16,0.38317849674140025
1778.2794100389228,0.05623413251903491,0.00630957344480193,7.488531700947346e-16,0.96250086681096
1778.2794100389228,0.05623413251903491,0.01,2.981238167064319e-15,2.417692867658662
1778.2794100389228,0.05623413251903491,0.01584893192461114,1.1868522914360717e-14,6.072969909829284
1778.2794100389228,0.05623413251903491,0.025118864315095822,4.7249440760854987e-14,15.254610715466152
1778.2794100389228,0.05623413251903491,0.039810717055349734,1.8810341171539026e-13,38.31784967414003
1778.2794100389228,0.05623413251903491,0.06309573444801936,7.488531700947366e-13,96.25008668109618
1778.2794100389228,0.1,0.002511886431509582,4.7085798823125196e-17,0.1466378675701181
1778.2794100389228,0.1,0.003981071705534973,1.874519414272553e-16,0.36833766989487793
1778.2794100389228,0.1,0.00630957344480193,7.462596201636438e-16,0.9252223952227976
1778.2794100389228,0.1,0.01,2.9709130588167613e-15,2.324053580688941
1778.2794100389228,0.1,0.01584893192461114,1.182741791805978e-14,5.83775865543381
1778.2794100389228,0.1,0.025118864315095822,4.70857988231252e-14,14.663786757011811
1778.2794100389228,0.1,0.039810717055349734,1.8745194142725532e-13,36.83376698948779
1778.2794100389228,0.1,0.06309573444801936,7.462596201636458e-13,92.52223952227992
1778.2794100389228,0.1778279410038923,0.002511886431509582,4.681570773008593e-17,0.1407296279855978
1778.2794100389228,0.1778279410038923,0.003981071705534973,1.863766894188397e-16,0.35349684304841356
1778.2794100389228,0.1778279410038923,0.00630957344480193,7.419789648166207e-16,0.8879439236347807
1778.2794100389228,0.1778279410038923,0.01,2.953871462933581e-15,2.230414293719586
1778.2794100389228,0.1778279410038923,0.01584893192461114,1.1759574102872089e-14,5.6025474010392555
1778.2794100389228,0.1778279410038923,0.025118864315095822,4.681570773008594e-14,14.07296279855978
1778.2794100389228,0.1778279410038923,0.039810717055349734,1.863766894188397e-13,35.34968430484136
1778.2794100389228,0.1778279410038923,0.06309573444801936,7.419789648166226e-13,88.79439236347822
1778.2794100389228,0.31622776601683794,0.002511886431509582,4.6367993678688416e-17,0.13482138840114755
1778.2794100389228,0.31622776601683794,0.003981071705534973,1.845943076766506e-16,0.3386560162021252
1778.2794100389228,0.31622776601683794,0.00630957344480193,7.348831752943297e-16,0.8506654520472059
1778.2794100389228,0.31622776601683794,0.01,2.9256226160379563e-15,2.1367750067513414
1778.2794100389228,0.31622776601683794,0.01584893192461114,1.1647113417781928e-14,5.3673361466474905
1778.2794100389228,0.31622776601683794,0.025118864315095822,4.6367993678688425e-14,13.482138840114755
1778.2794100389228,0.31622776601683794,0.039810717055349734,1.8459430767665062e-13,33.86560162021252
1778.2794100389228,0.31622776601683794,0.06309573444801936,7.348831752943316e-13,85.06654520472074
1778.2794100389228,0.5623413251903491,0.002511886431509582,4.566970408545375e-17,0.12891314881690966
1778.2794100389228,0.5623413251903491,0.003981071705534973,1.818143667347546e-16,0.3238151893563703
1778.2794100389228,0.5623413251903491,0.00630957344480193,7.238160310674892e-16,0.813386980460971
1778.2794100389228,0.5623413251903491,0.01,2.881563521295407e-15,2.043135719786463
1778.2794100389228,0.5623413251903491,0.01584893192461114,1.147171100233088e-14,5.132124892264179
1778.2794100389228,0.5623413251903491,0.025118864315095822,4.5669704085453767e-14,12.891314881690969
1778.2794100389228,0.5623413251903491,0.039810717055349734,1.8181436673475458e-13,32.38151893563703
1778.2794100389228,0.5623413251903491,0.06309573444801936,7.23816031067491e-13,81.33869804609725
1778.2794100389228,1.0,0.002511886431509582,4.457016588468744e-17,0.12300490923331422
1778.2794100389228,1.0,0.003981071705534973,1.77437026314529e-16,0.3089743625122291
1778.2794100389228,1.0,0.00630957344480193,7.063895249750344e-16,0.7761085088787897
1778.2794100389228,1.0,0.01,2.8121873509644027e-15,1.9494964328317659
1778.2794100389228,1.0,0.01584893192461114,1.1195519493587744e-14,4.896913637906444
1778.2794100389228,1.0,0.025118864315095822,4.457016588468745e-14,12.300490923331424
1778.2794100389228,1.0,0.039810717055349734,1.7743702631452898e-13,30.897436251222913
1778.2794100389228,1.0,0.06309573444801936,7.063895249750364e-13,77.61085088787911
1778.2794100389228,100.0,0.06309573444801936,4.262648604610596e-14,47.78807950636105
1778.2794100389228,177.82794100389228,0.003981071705534973,1.8608523396289598e-18,0.17540699009360727
1778.2794100389228,177.82794100389228,0.00630957344480193,7.408186597475394e-18,0.4406024384080669
1778.2794100389228,177.82794100389228,0.01,2.949252205253273e-17,1.1067432867272595
1778.2794100389228,177.82794100389228,0.01584893192461114,1.1741184506820438e-16,2.780013445094522
1778.2794100389228,177.82794100389228,0.025118864315095822,4.67424974295685e-16,6.983078052147139
1778.2794100389228,177.82794100389228,0.039810717055349734,1.86085233962896e-15,17.540699009360726
1778.2794100389228,177.82794100389228,0.06309573444801936,7.408186597475415e-15,44.06024384080677
1778.2794100389228,316.22776601683796,0.003981071705534973,8.615136337952882e-20,0.160566297243194
1778.2794100389228,316.22776601683796,0.00630957344480193,3.4297475514350337e-19,0.4033243034029126
1778.2794100389228,316.22776601683796,0.01,1.3654070934145882e-18,1.01310484521583
1778.2794100389228,316.22776601683796,0.01584893192461114,5.43578354612957e-18,2.5448043143942587
1778.2794100389228,316.22776601683796,0.025118864315095822,2.1640244072909018e-17,6.392259428173984
1778.2794100389228,316.22776601683796,0.039810717055349734,8.615136337952882e-17,16.0566297243194
1778.2794100389228,316.22776601683796,0.06309573444801936,3.4297475514350426e-16,40.33243034029133
1778.2794100389228,562.341325190349,0.01584893192461114,3.0662526152396386e-20,2.30959923966683
1778.2794100389228,562.341325190349,0.025118864315095822,1.2206971528553154e-19,5.801450992343958
1778.2794100389228,562.341325190349,0.039810717055349734,4.859682896259387e-19,14.57258603073656
1778.2794100389228,562.341325190349,0.06309573444801936,1.934674607617051e-18,36.604681122613236
1778.2794100389228,562.341325190349,0.1,7.702078339801206e-18,91.94680184162696
3162.2776601683795,1e-06,0.003981071705534973,3.3630102830434935e-17,0.12092211673083535
3162.2776601683795,1e-06,0.00630957344480193,1.3388385083247588e-16,0.30374262428560256
3162.2776601683795,1e-06,0.01,5.330012103772352e-16,0.7629669766141178
3162.2776601683795,1e-06,0.01584893192461114,2.121916037648707e-15,1.9164863962468912
3162.2776601683795,1e-06,0.025118864315095822,8.44749989900416e-15,4.813996174905263
3162.2776601683795,1e-06,0.039810717055349734,3.363010283043494e-14,12.092211673083535
3162.2776601683795,1e-06,0.06309573444801936,1.3388385083247624e-13,30.374262428560307
3162.2776601683795,1e-06,0.1,5.330012103772353e-13,76.2966976614118
3162.2776601683795,1.778279410038923e-06,0.003981071705534973,3.363009969613581e-17,0.11828300304991794
3162.2776601683795,1.778279410038923e-06,0.00630957344480193,1.3388383835460632e-16,0.2971134704392948
3162.2776601683795,1.778279410038923e-06,0.01,5.330011607019417e-16,0.746315295015188
3162.2776601683795,1.778279410038923e-06,0.01584893192461114,2.1219158398878014e-15,1.8746592631767214
3162.2776601683795,1.778279410038923e-06,0.025118864315095822,8.447499111703815e-15,4.708931166877358
3162.2776601683795,1.778279410038923e-06,0.039810717055349734,3.363009969613581e-14,11.828300304991794
3162.2776601683795,1.778279410038923e-06,0.06309573444801936,1.3388383835460667e-13,29.711347043929536
3162.2776601683795,1.778279410038923e-06,0.1,5.330011607019418e-13,74.6315295015188
3162.2776601683795,3.162277660168379e-06,0.003981071705534973,3.3630094466203493e-17,0.11564388936900055
3162.2776601683795,3.162277660168379e-06,0.00630957344480193,1.3388381753387075e-16,0.2904843165929871
3162.2776601683795,3.162277660168379e-06,0.01,5.330010778131005e-16,0.7296636134162581
3162.2776601683795,3.162277660168379e-06,0.01584893192461114,2.121915509901381e-15,1.8328321301065518
3162.2776601683795,3.162277660168379e-06,0.025118864315095822,8.447497798004212e-15,4.603866158849453
3162.2776601683795,3.162277660168379e-06,0.039810717055349734,3.363009446620349e-14,11.564388936900055
3162.2776601683795,3.162277660168379e-06,0.06309573444801936,1.338838175338711e-13,29.048431659298764
3162.2776601683795,3.162277660168379e-06,0.1,5.330010778131005e-13,72.96636134162581
1778.2794100389228,1.7782794100389228,0.002511886431509582,4.2797056380085666e-17,0.11709666965165828
1778.2794100389228,1.7782794100389228,0.003981071705534973,1.7037815023494376e-16,0.29413353567295974
1778.2794100389228,1.7782794100389228,0.00630957344480193,6.782876331417202e-16,0.7388300373088458
1778.2794100389228,1.7782794100389228,0.01,2.7003117045147906e-15,1.8558571459078081
1778.2794100389228,1.7782794100389228,0.01584893192461114,1.0750134522968758e-14,4.661702383625921
1778.2794100389228,1.7782794100389228,0.025118864315095822,4.279705638008568e-14,11.70966696516583
1778.2794100389228,1.7782794100389228,0.039810717055349734,1.7037815023494375e-13,29.413353567295974
1778.2794100389228,1.7782794100389228,0.06309573444801936,6.78287633141722e-13,73.88300373088471
1778.2794100389228,3.1622776601683795,0.002511886431509582,4.017212301042722e-17,0.11118843007584446
1778.2794100389228,3.1622776601683795,0.003981071705534973,1.5992810226808193e-16,0.2792927088483651
1778.2794100389228,3.1622776601683795,0.00630957344480193,6.366852428593634e-16,0.7015515657757632
1778.2794100389228,3.1622776601683795,0.01,2.5346896056790766e-15,1.7622178590764415
1778.2794100389228,3.1622776601683795,0.01584893192461114,1.009078107148258e-14,4.426491129577978
1778.2794100389228,3.1622776601683795,0.025118864315095822,4.0172123010427224e-14,11.118843007584447
1778.2794100389228,3.1622776601683795,0.039810717055349734,1.5992810226808193e-13,27.929270884836512
1778.2794100389228,3.1622776601683795,0.06309573444801936,6.36685242859365e-13,70.15515657757643
1778.2794100389228,5.623413251903491,0.002511886431509582,3.6389827518155774e-17,0.10528019051758432
1778.2794100389228,5.623413251903491,0.003981071705534973,1.4487051270182765e-16,0.26445188206786335
1778.2794100389228,5.623413251903491,0.00630957344480193,5.767398990835899e-16,0.6642730943534367
1778.2794100389228,5.623413251903491,0.01,2.296042893694778e-15,1.668578572523282
1778.2794100389228,5.623413251903491,0.01584893192461114,9.140711398782933e-15,4.191279876228859
1778.2794100389228,5.623413251903491,0.025118864315095822,3.6389827518155785e-14,10.528019051758433
1778.2794100389228,5.623413251903491,0.039810717055349734,1.4487051270182766e-13,26.445188206786334
1778.2794100389228,5.623413251903491,0.06309573444801936,5.767398990835915e-13,66.42730943534379
1778.2794100389228,10.0,0.003981071705534973,1.227550521153518e-16,0.24961105541948206
1778.2794100389228,10.0,0.00630957344480193,4.886966646878972e-16,0.6269946232629822
1778.2794100389228,10.0,0.01,1.9455364643783018e-15,1.5749392868037468
1778.2794100389228,10.0,0.01584893192461114,7.745320170423014e-15,3.95606862497371
1778.2794100389228,10.0,0.025118864315095822,3.083467498078041e-14,9.937195101192232
1778.2794100389228,10.0,0.039810717055349734,1.227550521153518e-13,24.961105541948207
1778.2794100389228,10.0,0.06309573444801936,4.886966646878985e-13,62.699462326298324
1778.2794100389228,17.78279410038923,0.003981071705534973,9.48329305575366e-17,0.23477022916577586
1778.2794100389228,17.78279410038923,0.00630957344480193,3.775366965955712e-16,0.5897161531639064
1778.2794100389228,17.78279410038923,0.01,1.5030006606177716e-15,1.4813000035744428
1778.2794100389228,17.78279410038923,0.01584893192461114,5.9835534033857896e-15,3.7208573799737383
1778.2794100389228,17.78279410038923,0.025118864315095822,2.3820955152776686e-14,9.346371166338328
1778.2794100389228,17.78279410038923,0.039810717055349734,9.48329305575366e-14,23.477022916577585
1778.2794100389228,17.78279410038923,0.06309573444801936,3.775366965955722e-13,58.97161531639074
1778.2794100389228,31.622776601683793,0.003981071705534973,6.352765688216818e-17,0.21992940408700853
1778.2794100389228,31.622776601683793,0.00630957344480193,2.5290815733253335e-16,0.5524376860161437
1778.2794100389228,31.622776601683793,0.01,1.0068455092555368e-15,1.387660727758502
1778.2794100389228,31.622776601683793,0.01584893192461114,4.008324168742173e-15,3.4856461535952934
1778.2794100389228,31.622776601683793,0.025118864315095822,1.5957425934791472e-14,8.755547278259582
1778.2794100389228,31.622776601683793,0.039810717055349734,6.352765688216817e-14,21.992940408700854
1778.2794100389228,31.622776601683793,0.06309573444801936,2.5290815733253403e-13,55.24376860161447
1778.2794100389228,56.23413251903491,0.003981071705534973,3.202186121118372e-17,0.20508858249245668
1778.2794100389228,56.23413251903491,0.00630957344480193,1.2748132562641113e-16,0.5151592276203346
1778.2794100389228,56.23413251903491,0.01,5.075122984353964e-16,1.2940214739264748
1778.2794100389228,56.23413251903491,0.01584893192461114,2.0204428515121797e-15,3.2504349824379424
1778.2794100389228,56.23413251903491,0.025118864315095822,8.043527868805547e-15,8.164723528889954
1778.2794100389228,56.23413251903491,0.039810717055349734,3.2021861211183723e-14,20.50885824924567
1778.2794100389228,56.23413251903491,0.06309573444801936,1.2748132562641146e-13,51.51592276203355
1778.2794100389228,100.0,0.003981071705534973,1.0707289192214592e-17,0.19024777118462954
1778.2794100389228,100.0,0.00630957344480193,4.2626486046105846e-17,0.4778807950636097
1778.2794100389228,100.0,0.01,1.696990975045335e-16,1.2003822849992924
1778.2794100389228,100.0,0.01584893192461114,6.755842755301195e-16,3.0152239743141904
1778.2794100389228,100.0,0.025118864315095822,2.689549444017305e-15,7.573900189042212
1778.2794100389228,100.0,0.039810717055349734,1.0707289192214591e-14,19.024777118462953
3162.2776601683795,0.0005623413251903491,0.00630957344480193,1.3387737223830025e-16,0.23082193197621775
3162.2776601683795,0.0005623413251903491,0.01,5.32975418629271e-16,0.5797984790258891
3162.2776601683795,0.0005623413251903491,0.01584893192461114,2.1218133588506504e-15,1.4563879324750237
3162.2776601683795,0.0005623413251903491,0.025118864315095822,8.447091127346458e-15,3.658281086598306
3162.2776601683795,0.0005623413251903491,0.039810717055349734,3.362847548115443e-14,9.189186624074397
3162.2776601683795,0.0005623413251903491,0.06309573444801936,1.3387737223830062e-13,23.082193197621816
3162.2776601683795,0.0005623413251903491,0.1,5.32975418629271e-13,57.979847902588915
3162.2776601683795,0.001,0.00630957344480193,1.3387297334893957e-16,0.22419277812991004
3162.2776601683795,0.001,0.01,5.329579063353014e-16,0.5631467974269592
3162.2776601683795,0.001,0.01584893192461114,2.121743641152629e-15,1.4145607994048541
3162.2776601683795,0.001,0.025118864315095822,8.44681357619149e-15,3.553216078570401
3162.2776601683795,0.001,0.039810717055349734,3.3627370530104555e-14,8.925275255982656
3162.2776601683795,0.001,0.06309573444801936,1.3387297334893994e-13,22.419277812991044
3162.2776601683795,0.001,0.1,5.329579063353015e-13,56.31467974269592
3162.2776601683795,0.0017782794100389228,0.00630957344480193,1.3386507012423193e-16,0.21756362428360235
3162.2776601683795,0.0017782794100389228,0.01,5.329264430310353e-16,0.5464951158280293
3162.2776601683795,0.0017782794100389228,0.01584893192461114,2.1216183834822528e-15,1.3727336663346843
3162.2776601683795,0.0017782794100389228,0.025118864315095822,8.446314916424055e-15,3.4481510705424956
3162.2776601683795,0.0017782794100389228,0.039810717055349734,3.362538532981373e-14,8.661363887890918
3162.2776601683795,0.0017782794100389228,0.06309573444801936,1.338650701242323e-13,21.756362428360273
3162.2776601683795,0.0017782794100389228,0.1,5.329264430310354e-13,54.64951158280294
3162.2776601683795,0.0031622776601683794,0.00630957344480193,1.3385193789707697e-16,0.21093447043729463
3162.2776601683795,0.0031622776601683794,0.01,5.32874162693078e-16,0.5298434342290994
3162.2776601683795,0.0031622776601683794,0.01584893192461114,2.121410251708055e-15,1.3309065332645145
3162.2776601683795,0.0031622776601683794,0.025118864315095822,8.445486328906773e-15,3.3430860625145904
3162.2776601683795,0.0031622776601683794,0.039810717055349734,3.362208666349312e-14,8.397452519799177
3162.2776601683795,0.0031622776601683794,0.06309573444801936,1.3385193789707733e-13,21.0934470437295
3162.2776601683795,0.0031622776601683794,0.1,5.32874162693078e-13,52.98434342290995
3162.2776601683795,0.005623413251903491,0.00630957344480193,1.3383053142194942e-16,0.20430531659098694
3162.2776601683795,0.005623413251903491,0.01,5.327889419806324e-16,0.5131917526301696
3162.2776601683795,0.005623413251903491,0.01584893192461114,2.1210709819410126e-15,1.2890794001943449
3162.2776601683795,0.005623413251903491,0.025118864315095822,8.444135671636656e-15,3.2380210544866856
3162.2776601683795,0.005623413251903491,0.039810717055349734,3.361670960005118e-14,8.133541151707439
3162.2776601683795,0.005623413251903491,0.06309573444801936,1.3383053142194977e-13,20.43053165909873
3162.2776601683795,0.005623413251903491,0.1,5.327889419806325e-13,51.319175263016966
3162.2776601683795,0.01,0.00630957344480193,1.3379297693685516e-16,0.19767616274467928
3162.2776601683795,0.01,0.01,5.326394348826078e-16,0.4965400710312398
3162.2776601683795,0.01,0.01584893192461114,2.1204757834632896e-15,1.2472522671241755
3162.2776601683795,0.01,0.025118864315095822,8.441766143817816e-15,3.1329560464587813
3162.2776601683795,0.01,0.039810717055349734,3.360727633989612e-14,7.869629783615701
3162.2776601683795,0.01,0.06309573444801936,1.337929769368555e-13,19.767616274467965
3162.2776601683795,0.01,0.1,5.326394348826078e-13,49.65400710312399
3162.2776601683795,0.01778279410038923,0.00630957344480193,1.3373029464162942e-16,0.19104700889837173
3162.2776601683795,0.01778279410038923,0.01,5.323898921706466e-16,0.4798883894323103
3162.2776601683795,0.01778279410038923,0.01584893192461114,2.119482336033379e-15,1.2054251340540065
3162.2776601683795,0.01778279410038923,0.025118864315095822,8.437811158363662e-15,3.0278910384308784
3162.2776601683795,0.01778279410038923,0.039810717055349734,3.359153125920878e-14,7.605718415523967
3162.2776601683795,0.01778279410038923,0.06309573444801936,1.3373029464162976e-13,19.104700889837208
3162.2776601683795,0.01778279410038923,0.1,5.323898921706467e-13,47.98883894323103
3162.2776601683795,0.03162277660168379,0.00630957344480193,1.3362893933251196e-16,0.18441785505206446
3162.2776601683795,0.03162277660168379,0.01,5.319863894173134e-16,0.46323670783338156
3162.2776601683795,0.03162277660168379,0.01584893192461114,2.117875962638978e-15,1.1635980009838396
3162.2776601683795,0.03162277660168379,0.025118864315095822,8.431416070694689e-15,2.9228260304029803
3162.2776601683795,0.03162277660168379,0.039810717055349734,3.356607195663542e-14,7.341807047432245
3162.2776601683795,0.03162277660168379,0.06309573444801936,1.336289393325123e-13,18.44178550520648
3162.2776601683795,0.03162277660168379,0.1,5.319863894173134e-13,46.32367078333816
3162.2776601683795,0.05623413251903491,0.00630957344480193,1.334559400384957e-16,0.17778870120575813
3162.2776601683795,0.05623413251903491,0.01,5.312976668228277e-16,0.44658502623445506
3162.2776601683795,0.05623413251903491,0.01584893192461114,2.1151341086051087e-15,1.1217708679136784
3162.2776601683795,0.05623413251903491,0.025118864315095822,8.420500553179744e-15,2.817761022375097
3162.2776601683795,0.05623413251903491,0.039810717055349734,3.35226164987054e-14,7.077895679340559
3162.2776601683795,0.05623413251903491,0.06309573444801936,1.3345594003849605e-13,17.778870120575842
3162.2776601683795,0.05623413251903491,0.1,5.312976668228277e-13,44.65850262344551
3162.2776601683795,0.1,0.00630957344480193,1.3316701735218415e-16,0.17115954735945457
3162.2776601683795,0.1,0.01,5.301474448912656e-16,0.4299333446355356
3162.2776601683795,0.1,0.01584893192461114,2.1105549926182812e-15,1.079943734843535
3162.2776601683795,0.1,0.025118864315095822,8.402270764088223e-15,2.7126960143472574
3162.2776601683795,0.1,0.039810717055349734,3.3450042401155275e-14,6.813984311248985
3162.2776601683795,0.1,0.06309573444801936,1.331670173521845e-13,17.115954735945486
3162.2776601683795,0.1,0.1,5.301474448912657e-13,42.993334463553566
3162.2776601683795,0.1778279410038923,0.00630957344480193,1.327058117080475e-16,0.16453039351315954
3162.2776601683795,0.1778279410038923,0.01,5.283113521509602e-16,0.4132816630366376
3162.2776601683795,0.1778279410038923,0.01584893192461114,2.1032453757611128e-15,1.0381166017734451
3162.2776601683795,0.1778279410038923,0.025118864315095822,8.373170655239848e-15,2.607631006319553
3162.2776601683795,0.1778279410038923,0.039810717055349734,3.333419278119102e-14,6.550072943157749
3162.2776601683795,0.1778279410038923,0.06309573444801936,1.3270581170804785e-13,16.453039351315983
3162.2776601683795,0.1778279410038923,0.1,5.283113521509602e-13,41.328166303663764
3162.2776601683795,0.31622776601683794,0.00630957344480193,1.3194459158153908e-16,0.1579012396668904
3162.2776601683795,0.31622776601683794,0.01,5.252808802436337e-16,0.3966299814378046
3162.2776601683795,0.31622776601683794,0.01584893192461114,2.091180849796437e-15,0.9962894687035186
3162.2776601683795,0.31622776601683794,0.025118864315095822,8.325140912281185e-15,2.5025659982922592
3162.2776601683795,0.31622776601683794,0.039810717055349734,3.314298293047418e-14,6.2861615750675455
3162.2776601683795,0.31622776601683794,0.06309573444801936,1.3194459158153943e-13,15.790123966689068
3162.2776601683795,0.31622776601683794,0.1,5.252808802436338e-13,39.66299814378046
3162.2776601683795,0.31622776601683794,0.15848931924611143,2.0911808497964377e-12,99.62894687035188
3162.2776601683795,0.5623413251903491,0.00630957344480193,1.3068276194099305e-16,0.15127208582069987
3162.2776601683795,0.5623413251903491,0.01,5.202574459644507e-16,0.37997829983916903
3162.2776601683795,0.5623413251903491,0.01584893192461114,2.0711821977229667e-15,0.9544623356340883
3162.2776601683795,0.5623413251903491,0.025118864315095822,8.245524844362654e-15,2.397500990266211
3162.2776601683795,0.5623413251903491,0.039810717055349734,3.282602565517776e-14,6.022250206980471
3162.2776601683795,0.5623413251903491,0.06309573444801936,1.306827619409934e-13,15.127208582070013
3162.2776601683795,0.5623413251903491,0.1,5.202574459644507e-13,37.99782998391691
3162.2776601683795,0.5623413251903491,0.15848931924611143,2.0711821977229674e-12,95.44623356340885
3162.2776601683795,1.0,0.00630957344480193,1.287147144703409e-16,0.14464293197474762
3162.2776601683795,1.0,0.01,5.124225078638876e-16,0.36332661824113205
3162.2776601683795,1.0,0.01584893192461114,2.0399907473361975e-15,0.9126352025661614
3162.2776601683795,1.0,0.025118864315095822,8.12134944377329e-15,2.2924359822439397
3162.2776601683795,1.0,0.039810717055349734,3.233167448136797e-14,5.7583388389028825
3162.2776601683795,1.0,0.06309573444801936,1.2871471447034125e-13,14.464293197474788
3162.2776601683795,1.0,0.1,5.124225078638877e-13,36.3326618241132
3162.2776601683795,1.0,0.15848931924611143,2.039990747336198e-12,91.26352025661615
3162.2776601683795,1.7782794100389228,0.00630957344480193,1.256157947730279e-16,0.1380137781295162
3162.2776601683795,1.7782794100389228,0.01,5.000854863391898e-16,0.3466749366449057
3162.2776601683795,1.7782794100389228,0.01584893192461114,1.990876180013647e-15,0.8708080695027826
3162.2776601683795,1.7782794100389228,0.025118864315095822,7.925820829475891e-15,2.1873709742330925
3162.2776601683795,1.7782794100389228,0.039810717055349734,3.155326104736614e-14,5.49442747085399
3162.2776601683795,1.7782794100389228,0.06309573444801936,1.2561579477302824e-13,13.801377812951644
3162.2776601683795,1.7782794100389228,0.1,5.000854863391899e-13,34.66749366449057
3162.2776601683795,1.7782794100389228,0.15848931924611143,1.9908761800136474e-12,87.08080695027827
5623.413251903491,1e-05,0.06309573444801936,2.3808277195958315e-14,5.047737913456684
5623.413251903491,1e-05,0.1,9.478245870236303e-14,12.679344374628311
5623.413251903491,1e-05,0.15848931924611143,3.7733576452101495e-13,31.849073095066206
5623.413251903491,1e-05,0.25118864315095824,1.5022007356210217e-12,80.00125456365369
5623.413251903491,1.778279410038923e-05,0.01,9.47824134478495e-17,0.123832309493293
5623.413251903491,1.778279410038923e-05,0.01584893192461114,3.773355843595516e-16,0.3110526979986979
5623.413251903491,1.778279410038923e-05,0.025118864315095822,1.5022000183853173e-15,0.7813290515873771
5623.413251903491,1.778279410038923e-05,0.039810717055349734,5.980365989247892e-15,1.9626098432265788
5623.413251903491,1.778279410038923e-05,0.06309573444801936,2.3808265828538468e-14,4.929853035547991
5623.413251903491,1.778279410038923e-05,0.1,9.478241344784952e-14,12.3832309493293
5623.413251903491,1.778279410038923e-05,0.15848931924611143,3.7733558435955167e-13,31.105269799869795
5623.413251903491,1.778279410038923e-05,0.25118864315095824,1.5022000183853176e-12,78.13290515873771
5623.413251903491,3.1622776601683795e-05,0.01,9.478233805077915e-17,0.1208711752403029
5623.413251903491,3.1622776601683795e-05,0.01584893192461114,3.7733528419840816e-16,0.3036146650467338
5623.413251903491,3.1622776601683795e-05,0.025118864315095822,1.5021988234222822e-15,0.7626455575382173
5623.413251903491,3.1622776601683795e-05,0.039810717055349734,5.980361232014363e-15,1.9156790280313043
5623.413251903491,3.1622776601683795e-05,0.06309573444801936,2.380824688965067e-14,4.8119681576392965
5623.413251903491,3.1622776601683795e-05,0.1,9.478233805077916e-14,12.08711752403029
5623.413251903491,3.1622776601683795e-05,0.15848931924611143,3.7733528419840824e-13,30.361466504673384
5623.413251903491,3.1622776601683795e-05,0.25118864315095824,1.5021988234222824e-12,76.26455575382174
5623.413251903491,5.623413251903491e-05,0.01,9.478221028928135e-17,0.1179100409873128
5623.413251903491,5.623413251903491e-05,0.01584893192461114,3.773347755707242e-16,0.2961766320947697
5623.413251903491,5.623413251903491e-05,0.025118864315095822,1.5021967985390008e-15,0.7439620634890575
5623.413251903491,5.623413251903491e-05,0.039810717055349734,5.980353170808825e-15,1.86874821283603
5623.413251903491,5.623413251903491e-05,0.06309573444801936,2.380821479741339e-14,4.694083279730603
5623.413251903491,5.623413251903491e-05,0.1,9.478221028928136e-14,11.79100409873128
5623.413251903491,5.623413251903491e-05,0.15848931924611143,3.773347755707243e-13,29.617663209476977
5623.413251903491,5.623413251903491e-05,0.25118864315095824,1.502196798539001e-12,74.39620634890575
5623.413251903491,0.0001,0.01,9.478198094915476e-17,0.11494890673432269
5623.413251903491,0.0001,0.01584893192461114,3.773338625512353e-16,0.2887385991428056
5623.413251903491,0.0001,0.025118864315095822,1.502193163742947e-15,0.7252785694398977
5623.413251903491,0.0001,0.039810717055349734,5.9803387004251e-15,1.8218173976407557
5623.413251903491,0.0001,0.06309573444801936,2.3808157189778173e-14,4.57619840182191
5623.413251903491,0.0001,0.1,9.478198094915478e-14,11.49489067343227
5623.413251903491,0.0001,0.15848931924611143,3.773338625512354e-13,28.873859914280565
5623.413251903491,0.0001,0.25118864315095824,1.5021931637429474e-12,72.52785694398978
5623.413251903491,0.00017782794100389227,0.01,9.478159970786169e-17,0.1119877724813326
5623.413251903491,0.00017782794100389227,0.01584893192461114,3.7733234480231045e-16,0.2813005661908415
5623.413251903491,0.00017782794100389227,0.025118864315095822,1.5021871214756464e-15,0.7065950753907378
5623.413251903491,0.00017782794100389227,0.039810717055349734,5.980314645725711e-15,1.7748865824454811
5623.413251903491,0.00017782794100389227,0.06309573444801936,2.3808061426295054e-14,4.458313523913216
5623.413251903491,0.00017782794100389227,0.1,9.47815997078617e-14,11.19877724813326
5623.413251903491,0.00017782794100389227,0.15848931924611143,3.773323448023105e-13,28.130056619084154
5623.413251903491,0.00017782794100389227,0.25118864315095824,1.5021871214756466e-12,70.6595075390738
5623.413251903491,0.00031622776601683794,0.01,9.478096824563883e-17,0.10902663822834249
5623.413251903491,0.00031622776601683794,0.01584893192461114,3.773298309059219e-16,0.2738625332388774
5623.413251903491,0.00031622776601683794,0.025118864315095822,1.5021771134738632e-15,0.6879115813415781
5623.413251903491,0.00031622776601683794,0.039810717055349734,5.9802748031529835e-15,1.7279557672502068
5623.413251903491,0.00031622776601683794,0.06309573444801936,2.380790281015609e-14,4.340428646004523
5623.413251903491,0.00031622776601683794,0.1,9.478096824563883e-14,10.90266382283425
5623.413251903491,0.00031622776601683794,0.15848931924611143,3.7732983090592197e-13,27.386253323887743
5623.413251903491,0.00031622776601683794,0.25118864315095824,1.5021771134738633e-12,68.79115813415781
5623.413251903491,0.0005623413251903491,0.01,9.477982145680648e-17,0.10606550397535239
5623.413251903491,0.0005623413251903491,0.01584893192461114,3.773252654573492e-16,0.2664245002869133
5623.413251903491,0.0005623413251903491,0.025118864315095822,1.5021589380957274e-15,0.6692280872924183
5623.413251903491,0.0005623413251903491,0.039810717055349734,5.98020244566935e-15,1.6810249520549323
5623.413251903491,0.0005623413251903491,0.06309573444801936,2.3807614749825312e-14,4.2225437680958295
5623.413251903491,0.0005623413251903491,0.1,9.47798214568065e-14,10.606550397535239
5623.413251903491,0.0005623413251903491,0.15848931924611143,3.773252654573493e-13,26.642450028691332
5623.413251903491,0.0005623413251903491,0.25118864315095824,1.5021589380957277e-12,66.92280872924184
5623.413251903491,0.001,0.01,9.47779213005308e-17,0.10310436972236228
5623.413251903491,0.001,0.01584893192461114,3.7731770079896395e-16,0.2589864673349492
5623.413251903491,0.001,0.025118864315095822,1.5021288226482678e-15,0.6505445932432585
5623.413251903491,0.001,0.039810717055349734,5.980082553913569e-15,1.634094136859658
5623.413251903491,0.001,0.06309573444801936,2.3807137452148647e-14,4.104658890187136
5623.413251903491,0.001,0.1,9.47779213005308e-14,10.310436972236229
5623.413251903491,0.001,0.15848931924611143,3.7731770079896407e-13,25.898646733494925
5623.413251903491,0.001,0.25118864315095824,1.502128822648268e-12,65.05445932432586
5623.413251903491,0.0017782794100389228,0.01,9.477480712535193e-17,0.10014323546937218
5623.413251903491,0.0017782794100389228,0.01584893192461114,3.7730530304427327e-16,0.2515484343829851
5623.413251903491,0.0017782794100389228,0.025118864315095822,1.5020794662978567e-15,0.6318610991940987
5623.413251903491,0.0017782794100389228,0.039810717055349734,5.979886062743459e-15,1.5871633216643835
5623.413251903491,0.0017782794100389228,0.06309573444801936,2.3806355206710933e-14,3.9867740122784427
5623.413251903491,0.0017782794100389228,0.1,9.477480712535194e-14,10.014323546937218
5623.413251903491,0.0017782794100389228,0.15848931924611143,3.773053030442734e-13,25.154843438298514
5623.413251903491,0.0017782794100389228,0.25118864315095824,1.5020794662978569e-12,63.18610991940988
5623.413251903491,0.0031622776601683794,0.01584893192461114,3.7728302873065534e-16,0.244110401431021
5623.413251903491,0.0031622776601683794,0.025118864315095822,1.501990790658152e-15,0.6131776051449389
5623.413251903491,0.0031622776601683794,0.039810717055349734,5.97953303866326e-15,1.5402325064691091
5623.413251903491,0.0031622776601683794,0.06309573444801936,2.3804949792533885e-14,3.8688891343697493
5623.413251903491,0.0031622776601683794,0.1,9.476921207073712e-14,9.718210121638208
5623.413251903491,0.0031622776601683794,0.15848931924611143,3.7728302873065546e-13,24.411040143102102
5623.413251903491,0.0031622776601683794,0.25118864315095824,1.5019907906581523e-12,61.3177605144939
5623.413251903491,0.005623413251903491,0.01584893192461114,3.7724601708579226e-16,0.2366723684790569
5623.413251903491,0.005623413251903491,0.025118864315095822,1.5018434446460124e-15,0.5944941110957792
5623.413251903491,0.005623413251903491,0.039810717055349734,5.9789464436234075e-15,1.4933016912738348
5623.413251903491,0.005623413251903491,0.06309573444801936,2.380261451561812e-14,3.751004256461056
5623.413251903491,0.005623413251903491,0.1,9.475991516588319e-14,9.422096696339198
5623.413251903491,0.005623413251903491,0.15848931924611143,3.772460170857924e-13,23.667236847905695
5623.413251903491,0.005623413251903491,0.25118864315095824,1.5018434446460127e-12,59.44941110957792
5623.413251903491,0.01,0.01584893192461114,3.771856854416742e-16,0.2292343355270928
5623.413251903491,0.01,0.025118864315095822,1.5016032600446657e-15,0.5758106170466194
5623.413251903491,0.01,0.039810717055349734,5.977990251502881e-15,1.4463708760785605
5623.413251903491,0.01,0.06309573444801936,2.3798807846222033e-14,3.6331193785523626
5623.413251903491,0.01,0.1,9.474476054205811e-14,9.12598327104019
5623.413251903491,0.01,0.15848931924611143,3.7718568544167435e-13,22.923433552709284
5623.413251903491,0.01,0.25118864315095824,1.5016032600446659e-12,57.58106170466195
5623.413251903491,0.01778279410038923,0.01584893192461114,3.7707984252189216e-16,0.22179630257512875
5623.413251903491,0.01778279410038923,0.025118864315095822,1.5011818917914898e-15,0.5571271229974598
5623.413251903491,0.01778279410038923,0.039810717055349734,5.9763127542725525e-15,1.3994400608832864
5623.413251903491,0.01778279410038923,0.06309573444801936,2.379212960946226e-14,3.51523450064367
5623.413251903491,0.01778279410038923,0.1,9.47181740026509e-14,8.82986984574118
5623.413251903491,0.01778279410038923,0.15848931924611143,3.770798425218922e-13,22.17963025751288
5623.413251903491,0.01778279410038923,0.25118864315095824,1.5011818917914901e-12,55.71271229974598
5623.413251903491,0.03162277660168379,0.01584893192461114,3.7690317981093547e-16,0.21435826962316482
5623.413251903491,0.03162277660168379,0.025118864315095822,1.5004785848714771e-15,0.5384436289483003
5623.413251903491,0.03162277660168379,0.039810717055349734,5.9735128389929826e-15,1.352509245688013
5623.413251903491,0.03162277660168379,0.06309573444801936,2.378098294596487e-14,3.397349622734979
5623.413251903491,0.03162277660168379,0.1,9.467379833599034e-14,8.533756420442177
5623.413251903491,0.03162277660168379,0.15848931924611143,3.7690317981093556e-13,21.435826962316487
5623.413251903491,0.03162277660168379,0.25118864315095824,1.5004785848714774e-12,53.84436289483004
5623.413251903491,0.05623413251903491,0.01584893192461114,3.7661752173772577e-16,0.2069202366712012
5623.413251903491,0.05623413251903491,0.025118864315095822,1.4993413595987644e-15,0.5197601348991419
5623.413251903491,0.05623413251903491,0.039810717055349734,5.968985463636967e-15,1.3055784304927418
5623.413251903491,0.05623413251903491,0.06309573444801936,2.37629591400347e-14,3.2794647448262935
5623.413251903491,0.05623413251903491,0.1,9.460204427217567e-14,8.237642995143187
5623.413251903491,0.05623413251903491,0.15848931924611143,3.766175217377259e-13,20.692023667120125
5623.413251903491,0.05623413251903491,0.25118864315095824,1.4993413595987647e-12,51.97601348991419
3162.2776601683795,3.1622776601683795,0.00630957344480193,1.2061849320999552e-16,0.13138462428646094
3162.2776601683795,3.1622776601683795,0.01,4.80190870482576e-16,0.33002325505414554
3162.2776601683795,3.1622776601683795,0.01584893192461114,1.9116742877343936e-15,0.8289809364531343
3162.2776601683795,3.1622776601683795,0.025118864315095822,7.610512417098127e-15,2.0823059662567354
3162.2776601683795,3.1622776601683795,0.039810717055349734,3.029799564833187e-14,5.230516102891733
3162.2776601683795,3.1622776601683795,0.06309573444801936,1.2061849320999584e-13,13.138462428646118
3162.2776601683795,3.1622776601683795,0.1,4.801908704825759e-13,33.00232550541456
3162.2776601683795,3.1622776601683795,0.15848931924611143,1.9116742877343944e-12,82.89809364531345
3162.2776601683795,5.623413251903491,0.00630957344480193,1.132204258052437e-16,0.12475547044996066
3162.2776601683795,5.623413251903491,0.01,4.507386336618778e-16,0.3133715734798508
3162.2776601683795,5.623413251903491,0.01584893192461114,1.794422821062797e-15,0.7871538034448451
3162.2776601683795,5.623413251903491,0.025118864315095822,7.143725920699355e-15,1.9772409583842672
3162.2776601683795,5.623413251903491,0.039810717055349734,2.843968513499292e-14,4.966604735190433
3162.2776601683795,5.623413251903491,0.06309573444801936,1.1322042580524398e-13,12.475547044996087
3162.2776601683795,5.623413251903491,0.1,4.5073863366187785e-13,31.33715734798508
3162.2776601683795,5.623413251903491,0.15848931924611143,1.7944228210627976e-12,78.71538034448453
3162.2776601683795,10.0,0.00630957344480193,1.025604687488274e-16,0.11812631663315591
3162.2776601683795,10.0,0.01,4.0830058024236104e-16,0.29671989195502896
3162.2776601683795,10.0,0.01584893192461114,1.6254738873563769e-15,0.7453266705608265
3162.2776601683795,10.0,0.025118864315095822,6.471128101040422e-15,1.8721759508239524
3162.2776601683795,10.0,0.039810717055349734,2.576202498594423e-14,4.702693368273227
3162.2776601683795,10.0,0.06309573444801936,1.0256046874882768e-13,11.812631663315612
3162.2776601683795,10.0,0.1,4.0830058024236105e-13,29.6719891955029
3162.2776601683795,10.0,0.15848931924611143,1.6254738873563773e-12,74.53266705608266
3162.2776601683795,17.78279410038923,0.00630957344480193,8.69039216569183e-17,0.11149716287536723
3162.2776601683795,17.78279410038923,0.01,3.4597074360838575e-16,0.2800682105784489
3162.2776601683795,17.78279410038923,0.01584893192461114,1.3773343383222406e-15,0.7034995380491741
3162.2776601683795,17.78279410038923,0.025118864315095822,5.4832667633564125e-15,1.7671109441989794
3162.2776601683795,17.78279410038923,0.039810717055349734,2.18292781654985e-14,4.438782003705494
3162.2776601683795,17.78279410038923,0.06309573444801936,8.690392165691852e-14,11.149716287536744
3162.2776601683795,17.78279410038923,0.1,3.4597074360838577e-13,28.00682105784489
3162.2776601683795,17.78279410038923,0.15848931924611143,1.377334338322241e-12,70.34995380491742
3162.2776601683795,31.622776601683793,0.00630957344480193,6.713657340900163e-17,0.10486800929387344
3162.2776601683795,31.622776601683793,0.01,2.672755128051483e-16,0.2634165296447014
3162.2776601683795,31.622776601683793,0.01584893192461114,1.0640429816109274e-15,0.6616724066498672
3162.2776601683795,31.622776601683793,0.025118864315095822,4.2360314075643376e-15,1.6620459403680918
3162.2776601683795,31.622776601683793,0.039810717055349734,1.6863944780411836e-14,4.174870646156186
3162.2776601683795,31.622776601683793,0.06309573444801936,6.713657340900181e-14,10.486800929387362
3162.2776601683795,31.622776601683793,0.1,2.6727551280514834e-13,26.341652964470146
3162.2776601683795,31.622776601683793,0.15848931924611143,1.0640429816109277e-12,66.16724066498672
3162.2776601683795,56.23413251903491,0.01,1.7904526381992745e-16,0.2467648500292571
3162.2776601683795,56.23413251903491,0.01584893192461114,7.127920338035585e-16,0.6198452785619878
3162.2776601683795,56.23413251903491,0.025118864315095822,2.8376761977060784e-15,1.5569809448551346
3162.2776601683795,56.23413251903491,0.039810717055349734,1.1296992420157712e-14,3.9109593095005737
3162.2776601683795,56.23413251903491,0.06309573444801936,4.497413688153296e-14,9.823885623720573
3162.2776601683795,56.23413251903491,0.1,1.790452638199275e-13,24.676485002925713
3162.2776601683795,56.23413251903491,0.15848931924611143,7.127920338035588e-13,61.984527856198795
3162.2776601683795,100.0,0.01,9.024986706491942e-17,0.23011317432316686
3162.2776601683795,100.0,0.01584893192461114,3.5929119220044373e-16,0.578018160293962
3162.2776601683795,100.0,0.025118864315095822,1.430363999317116e-15,1.451915974008534
3162.2776601683795,100.0,0.039810717055349734,5.694381646297205e-15,3.647048034804048
3162.2776601683795,100.0,0.06309573444801936,2.2669741652591478e-14,9.160970473687973
3162.2776601683795,100.0,0.1,9.024986706491943e-14,23.011317432316687
3162.2776601683795,100.0,0.15848931924611143,3.5929119220044384e-13,57.80181602939621
3162.2776601683795,177.82794100389228,0.01,3.017724109944994e-17,0.21346151015897155
3162.2776601683795,177.82794100389228,0.01584893192461114,1.201377606921274e-16,0.5361910710178655
3162.2776601683795,177.82794100389228,0.025118864315095822,4.782770398577606e-16,1.346851075986367
3162.2776601683795,177.82794100389228,0.039810717055349734,1.9040551907847495e-15,3.3831369430342297
3162.2776601683795,177.82794100389228,0.06309573444801936,7.580180245810167e-15,8.498055783146485
3162.2776601683795,177.82794100389228,0.1,3.017724109944995e-14,21.346151015897156
3162.2776601683795,177.82794100389228,0.15848931924611143,1.2013776069212743e-13,53.619107101786554
3162.2776601683795,316.22776601683796,0.01,5.244594471613781e-18,0.19680987989858892
3162.2776601683795,316.22776601683796,0.01584893192461114,2.0879106657946787e-17,0.49436406690429596
3162.2776601683795,316.22776601683796,0.025118864315095822,8.312122075279893e-17,1.2417863918827963
3162.2776601683795,316.22776601683796,0.039810717055349734,3.309115400684936e-16,3.1192263886036304
3162.2776601683795,316.22776601683796,0.06309573444801936,1.3173825692016833e-15,7.835142442340093
3162.2776601683795,316.22776601683796,0.1,5.244594471613782e-15,19.680987989858895
3162.2776601683795,316.22776601683796,0.15848931924611143,2.0879106657946792e-14,49.43640669042961
3162.2776601683795,562.341325190349,0.01,2.42807532054026e-19,0.18015834864579805
3162.2776601683795,562.341325190349,0.01584893192461114,9.6663419575106e-19,0.4525373114865528
3162.2776601683795,562.341325190349,0.025118864315095822,3.848240046307104e-18,1.1367223324748974
3162.2776601683795,562.341325190349,0.039810717055349734,1.5320119564459776e-17,2.855317403337613
3162.2776601683795,562.341325190349,0.06309573444801936,6.099049452348363e-17,7.172233043096921
3162.2776601683795,562.341325190349,0.1,2.4280753205402606e-16,18.015834864579805
3162.2776601683795,562.341325190349,0.15848931924611143,9.666341957510602e-16,45.253731148655284
3162.2776601683795,1000.0,0.025118864315095822,2.170740612815743e-20,1.0316600848035136
3162.2776601683795,1000.0,0.039810717055349734,8.641874033736385e-20,2.5914129689479655
3162.2776601683795,1000.0,0.06309573444801936,3.4403920198505334e-19,6.509335075138355
3162.2776601683795,1000.0,0.1,1.3696447326175254e-18,16.35071045338941
3162.2776601683795,1000.0,0.15848931924611143,5.45265389165865e-18,41.071127733410755
5623.413251903491,1e-06,0.01,9.478251283658989e-17,0.13863798075824352
5623.413251903491,1e-06,0.01584893192461114,3.7733598003325376e-16,0.3482428627585184
5623.413251903491,1e-06,0.025118864315095822,1.5022015935906978e-15,0.874746521833176
5623.413251903491,1e-06,0.039810717055349734,5.980372260253462e-15,2.1972639192029506
5623.413251903491,1e-06,0.06309573444801936,2.3808290793861312e-14,5.519277425091458
5623.413251903491,1e-06,0.1,9.47825128365899e-14,13.863798075824352
5623.413251903491,1e-06,0.15848931924611143,3.7733598003325386e-13,34.82428627585185
5623.413251903491,1e-06,0.25118864315095824,1.5022015935906982e-12,87.47465218331762
5623.413251903491,1.778279410038923e-06,0.01,9.478250779396617e-17,0.1356768465052534
5623.413251903491,1.778279410038923e-06,0.01584893192461114,3.7733595995820716e-16,0.3408048298065543
5623.413251903491,1.778279410038923e-06,0.025118864315095822,1.5022015136704978e-15,0.8560630277840162
5623.413251903491,1.778279410038923e-06,0.039810717055349734,5.980371942085415e-15,2.1503331040076765
5623.413251903491,1.778279410038923e-06,0.06309573444801936,2.3808289527211502e-14,5.401392547182764
5623.413251903491,1.778279410038923e-06,0.1,9.478250779396617e-14,13.567684650525342
5623.413251903491,1.778279410038923e-06,0.15848931924611143,3.7733595995820724e-13,34.08048298065544
5623.413251903491,1.778279410038923e-06,0.25118864315095824,1.502201513670498e-12,85.60630277840163
5623.413251903491,3.162277660168379e-06,0.01,9.478249896031101e-17,0.1327157122522633
5623.413251903491,3.162277660168379e-06,0.01584893192461114,3.7733592479079254e-16,0.3333667968545902
5623.413251903491,3.162277660168379e-06,0.025118864315095822,1.5022013736664985e-15,0.8373795337348564
5623.413251903491,3.162277660168379e-06,0.039810717055349734,5.9803713847194546e-15,2.103402288812402
5623.413251903491,3.162277660168379e-06,0.06309573444801936,2.3808287308297647e-14,5.283507669274071
5623.413251903491,3.162277660168379e-06,0.1,9.478249896031102e-14,13.271571225226332
5623.413251903491,3.162277660168379e-06,0.15848931924611143,3.7733592479079263e-13,33.336679685459025
5623.413251903491,3.162277660168379e-06,0.25118864315095824,1.5022013736664988e-12,83.73795337348565
5623.413251903491,5.623413251903491e-06,0.01,9.478248422035902e-17,0.1297545779992732
5623.413251903491,5.623413251903491e-06,0.01584893192461114,3.7733586610998674e-16,0.3259287639026261
5623.413251903491,5.623413251903491e-06,0.025118864315095822,1.502201140054003e-15,0.8186960396856966
5623.413251903491,5.623413251903491e-06,0.039810717055349734,5.980370454691359e-15,2.0564714736171275
5623.413251903491,5.623413251903491e-06,0.06309573444801936,2.3808283605789108e-14,5.165622791365378
5623.413251903491,5.623413251903491e-06,0.1,9.478248422035904e-14,12.975457799927321
5623.413251903491,5.623413251903491e-06,0.15848931924611143,3.7733586610998686e-13,32.59287639026262
5623.413251903491,5.623413251903491e-06,0.25118864315095824,1.5022011400540032e-12,81.86960396856968
5623.413251903491,1e-05,0.01,9.478245870236302e-17,0.1267934437462831
5623.413251903491,1e-05,0.01584893192461114,3.7733576452101486e-16,0.318490730950662
5623.413251903491,1e-05,0.025118864315095822,1.5022007356210214e-15,0.8000125456365368
5623.413251903491,1e-05,0.039810717055349734,5.980368844614659e-15,2.0095406584218534
5623.413251903491,0.1,0.01584893192461114,3.7612994348034956e-16,0.19948220371923864
5623.413251903491,0.1,0.025118864315095822,1.49740027559409e-15,0.5010766408499859
5623.413251903491,0.1,0.039810717055349734,5.9612578690278904e-15,1.258647615297477
5623.413251903491,0.1,0.06309573444801936,2.373219503178466e-14,3.1615798669176245
5623.413251903491,0.1,0.1,9.447957015127543e-14,7.941529569844237
5623.413251903491,0.1,0.15848931924611143,3.761299434803496e-13,19.948220371923867
5623.413251903491,0.1,0.25118864315095824,1.4974002755940902e-12,50.107664084998596
5623.413251903491,0.1778279410038923,0.01584893192461114,3.75315648712794e-16,0.19204417076727923
5623.413251903491,0.1778279410038923,0.025118864315095822,1.4941585097350095e-15,0.48239314680083784
5623.413251903491,0.1778279410038923,0.039810717055349734,5.948352166690336e-15,1.211716800102232
5623.413251903491,0.1778279410038923,0.06309573444801936,2.3680816505368566e-14,3.043694989009005
5623.413251903491,0.1778279410038923,0.1,9.427502855348823e-14,7.645416144545412
5623.413251903491,0.1778279410038923,0.15848931924611143,3.753156487127941e-13,19.204417076727925
5623.413251903491,0.1778279410038923,0.25118864315095824,1.4941585097350096e-12,48.23931468008379
5623.413251903491,0.31622776601683794,0.01584893192461114,3.7401579459755643e-16,0.18460613781532934
5623.413251903491,0.31622776601683794,0.025118864315095822,1.4889836972955138e-15,0.4637096527517138
5623.413251903491,0.31622776601683794,0.039810717055349734,5.92775086730601e-15,1.1647859849070474
5623.413251903491,0.31622776601683794,0.06309573444801936,2.359880125529237e-14,2.9258101111005366
5623.413251903491,0.31622776601683794,0.1,9.394851996198751e-14,7.349302719246968
5623.413251903491,0.31622776601683794,0.15848931924611143,3.740157945975565e-13,18.46061378153294
5623.413251903491,0.31622776601683794,0.25118864315095824,1.4889836972955141e-12,46.37096527517138
5623.413251903491,0.5623413251903491,0.01584893192461114,3.7187038478607014e-16,0.1771681048634085
5623.413251903491,0.5623413251903491,0.025118864315095822,1.4804426669982286e-15,0.44502615870266266
5623.413251903491,0.5623413251903491,0.039810717055349734,5.893748413253371e-15,1.117855169712046
5623.413251903491,0.5623413251903491,0.06309573444801936,2.3463435047544655e-14,2.807925233192529
5623.413251903491,0.5623413251903491,0.1,9.340961738243752e-14,7.05318929394968
5623.413251903491,0.5623413251903491,0.15848931924611143,3.718703847860702e-13,17.716810486340854
5623.413251903491,0.5623413251903491,0.25118864315095824,1.4804426669982288e-12,44.50261587026627
5623.413251903491,1.0,0.01584893192461114,3.6831406566499167e-16,0.16973007191157588
5623.413251903491,1.0,0.025118864315095822,1.4662847055694503e-15,0.42634266465383314
5623.413251903491,1.0,0.039810717055349734,5.8373845536012054e-15,1.0709243545176013
5623.413251903491,1.0,0.06309573444801936,2.3239046480668675e-14,2.6900403552859196
5623.413251903491,1.0,0.1,9.251631040780201e-14,6.757075868655905
5623.413251903491,1.0,0.15848931924611143,3.683140656649918e-13,16.973007191157592
5623.413251903491,1.0,0.25118864315095824,1.4662847055694505e-12,42.63426646538332
5623.413251903491,1.7782794100389228,0.01584893192461114,3.6276735426578744e-16,0.16229203896001063
5623.413251903491,1.7782794100389228,0.025118864315095822,1.4442028497593098e-15,0.4076591706056752
5623.413251903491,1.7782794100389228,0.039810717055349734,5.749475102229753e-15,1.0239935393248434
5623.413251903491,1.7782794100389228,0.06309573444801936,2.2889072651164683e-14,2.572155477383547
5623.413251903491,1.7782794100389228,0.1,9.112303949748595e-14,6.460962443372773
5623.413251903491,1.7782794100389228,0.15848931924611143,3.6276735426578755e-13,16.229203896001064
5623.413251903491,1.7782794100389228,0.25118864315095824,1.4442028497593101e-12,40.765917060567524
5623.413251903491,3.1622776601683795,0.01584893192461114,3.5403341188552127e-16,0.15485400600925414
5623.413251903491,3.1622776601683795,0.025118864315095822,1.4094323988714594e-15,0.3889756765595488
5623.413251903491,3.1622776601683795,0.039810717055349734,5.611051444011438e-15,0.9770627241371884
5623.413251903491,3.1622776601683795,0.06309573444801936,2.2337998142055106e-14,2.454270599493993
5623.413251903491,3.1622776601683795,0.1,8.892917236162824e-14,6.1648490181218385
5623.413251903491,3.1622776601683795,0.15848931924611143,3.5403341188552134e-13,15.485400600925416
5623.413251903491,3.1622776601683795,0.25118864315095824,1.4094323988714596e-12,38.89756765595488
5623.413251903491,3.1622776601683795,0.3981071705534973,5.611051444011437e-12,97.70627241371884
5623.413251903491,5.623413251903491,0.01584893192461114,3.3994910245788957e-16,0.14741597306093934
5623.413251903491,5.623413251903491,0.025118864315095822,1.3533617531171153e-15,0.37029218251955565
5623.413251903491,5.623413251903491,0.039810717055349734,5.387830182687745e-15,0.9301319089649397
5623.413251903491,5.623413251903491,0.06309573444801936,2.1449338294525522e-14,2.336385721643137
5623.413251903491,5.623413251903491,0.1,8.53913537867832e-14,5.868735592968109
5623.413251903491,5.623413251903491,0.15848931924611143,3.3994910245788966e-13,14.741597306093938
5623.413251903491,5.623413251903491,0.25118864315095824,1.3533617531171156e-12,37.02921825195557
5623.413251903491,5.623413251903491,0.3981071705534973,5.387830182687744e-12,93.01319089649395
5623.413251903491,10.0,0.01584893192461114,3.19098515559993e-16,0.13997794011997935
5623.413251903491,10.0,0.025118864315095822,1.270354071574101e-15,0.3516086884980369
5623.413251903491,10.0,0.039810717055349734,5.0573706503547936e-15,0.8832010938390964
5623.413251903491,10.0,0.06309573444801936,2.013375520053049e-14,2.218500843908847
5623.413251903491,10.0,0.1,8.015392315499943e-14,5.572622168107181
5623.413251903491,10.0,0.15848931924611143,3.190985155599931e-13,13.997794011997936
5623.413251903491,10.0,0.25118864315095824,1.2703540715741013e-12,35.16086884980369
5623.413251903491,10.0,0.3981071705534973,5.0573706503547925e-12,88.32010938390962
5623.413251903491,17.78279410038923,0.01584893192461114,2.8905467454417727e-16,0.1325399072011181
5623.413251903491,17.78279410038923,0.025118864315095822,1.1507473861804456e-15,0.33292519453202774
5623.413251903491,17.78279410038923,0.039810717055349734,4.58120785934129e-15,0.836270278852687
5623.413251903491,17.78279410038923,0.06309573444801936,1.8238116985998067e-14,2.1006159665247988
5623.413251903491,17.78279410038923,0.1,7.260725149519356e-14,5.276508744126019
5623.413251903491,17.78279410038923,0.15848931924611143,2.890546745441773e-13,13.253990720111814
5623.413251903491,17.78279410038923,0.25118864315095824,1.1507473861804458e-12,33.29251945320278
5623.413251903491,17.78279410038923,0.3981071705534973,4.581207859341289e-12,83.62702788526869
5623.413251903491,31.622776601683793,0.01584893192461114,2.4492852945780243e-16,0.125101874348474
5623.413251903491,31.622776601683793,0.025118864315095822,9.750780385027475e-16,0.31424170073234853
5623.413251903491,31.622776601683793,0.039810717055349734,3.8818555897718215e-15,0.7893394642840793
5623.413251903491,31.622776601683793,0.06309573444801936,1.5453945453413386e-14,1.9827310901902209
5623.413251903491,31.622776601683793,0.1,6.152326498346477e-14,4.980395322781009
5623.413251903491,31.622776601683793,0.15848931924611143,2.449285294578025e-13,12.510187434847403
5623.413251903491,31.622776601683793,0.25118864315095824,9.750780385027477e-13,31.424170073234855
5623.413251903491,31.622776601683793,0.3981071705534973,3.88185558977182e-12,78.93394642840792
5623.413251903491,56.23413251903491,0.01584893192461114,1.8921657255951364e-16,0.11766384169363599
5623.413251903491,56.23413251903491,0.025118864315095822,7.532847432349858e-16,0.2955582074295357
5623.413251903491,56.23413251903491,0.039810717055349734,2.9988805775039733e-15,0.7424086509635438
5623.413251903491,56.23413251903491,0.06309573444801936,1.1938758615379457e-14,1.8648462169906586
5623.413251903491,56.23413251903491,0.1,4.7529054122898976e-14,4.684281909310801
5623.413251903491,56.23413251903491,0.15848931924611143,1.8921657255951368e-13,11.7663841693636
5623.413251903491,56.23413251903491,0.25118864315095824,7.53284743234986e-13,29.555820742953575
5623.413251903491,56.23413251903491,0.3981071705534973,2.998880577503973e-12,74.24086509635437
5623.413251903491,100.0,0.01584893192461114,1.267543397352636e-16,0.11022580962766235
5623.413251903491,100.0,0.025118864315095822,5.046181154738259e-16,0.27687471560588334
5623.413251903491,100.0,0.039810717055349734,2.008920901613224e-15,0.6954778413584913
5623.413251903491,100.0,0.06309573444801936,7.997658160070219e-15,1.7469613531239676
5623.413251903491,100.0,0.1,3.183925061159639e-14,4.388168519283706
5623.413251903491,100.0,0.15848931924611143,1.2675433973526362e-13,11.022580962766236
5623.413251903491,100.0,0.25118864315095824,5.046181154738259e-13,27.687471560588335
5623.413251903491,100.0,0.3981071705534973,2.0089209016132235e-12,69.54778413584913
5623.413251903491,177.82794100389228,0.01584893192461114,6.389201292983863e-17,0.10278777930793302
5623.413251903491,177.82794100389228,0.025118864315095822,2.543586848846555e-16,0.25819122816859835
5623.413251903491,177.82794100389228,0.039810717055349734,1.0126201634513864e-15,0.6485470427714956
5623.413251903491,177.82794100389228,0.06309573444801936,4.031313481170517e-15,1.6290765169333838
5623.413251903491,177.82794100389228,0.1,1.6048948036029614e-14,4.09205519877585
5623.413251903491,177.82794100389228,0.15848931924611143,6.389201292983865e-14,10.278777930793304
5623.413251903491,177.82794100389228,0.25118864315095824,2.543586848846556e-13,25.81912281685984
5623.413251903491,177.82794100389228,0.3981071705534973,1.012620163451386e-12,64.85470427714955
5623.413251903491,316.22776601683796,0.025118864315095822,8.505102122734209e-17,0.23950775368153251
5623.413251903491,316.22776601683796,0.039810717055349734,3.385942141350253e-16,0.6016162767139794
5623.413251903491,316.22776601683796,0.06309573444801936,1.3479678455508001e-15,1.511191762453159
5623.413251903491,316.22776601683796,0.1,5.366356649893219e-15,3.795942083515135
5623.413251903491,316.22776601683796,0.15848931924611143,2.1363850620699364e-14,9.53497541437788
5623.413251903491,316.22776601683796,0.25118864315095824,8.50510212273421e-14,23.950775368153256
5623.413251903491,316.22776601683796,0.3981071705534973,3.3859421413502525e-13,60.16162767139794
5623.413251903491,562.341325190349,0.025118864315095822,1.4781275540200234e-17,0.22082431723517018
5623.413251903491,562.341325190349,0.039810717055349734,5.88453178248072e-17,0.5546856062103904
5623.413251903491,562.341325190349,0.06309573444801936,2.3426742979555297e-16,1.3933072479935467
5623.413251903491,562.341325190349,0.1,9.326354362874752e-16,3.4998295711589402
5623.413251903491,562.341325190349,0.15848931924611143,3.712888546983337e-15,8.791174412390141
5623.413251903491,562.341325190349,0.25118864315095824,1.4781275540200237e-14,22.082431723517022
5623.413251903491,562.341325190349,0.3981071705534973,5.88453178248072e-14,55.46856062103903
5623.413251903491,1000.0,0.025118864315095822,6.843246039235154e-19,0.20214099187715287
5623.413251903491,1000.0,0.039810717055349734,2.724345318081329e-18,0.5077552147481079
5623.413251903491,1000.0,0.06309573444801936,1.0845814061920263e-17,1.275423434454006
5623.413251903491,1000.0,0.1,4.3177963485404025e-17,3.2037188194343633
5623.413251903491,1000.0,0.15848931924611143,1.718945687343644e-16,8.047377832909074
5623.413251903491,1000.0,0.25118864315095824,6.843246039235155e-16,20.21409918771529
5623.413251903491,1000.0,0.3981071705534973,2.7243453180813284e-15,50.77552147481079
10000.0,1e-06,0.025118864315095822,2.671334244060065e-16,0.1588768201554306
10000.0,1e-06,0.039810717055349734,1.063477317505416e-15,0.3990805288298134
10000.0,1e-06,0.06309573444801936,4.233779458199048e-15,1.0024449654472767
10000.0,1e-06,0.1,1.685497960851139e-14,2.5180279070421014
10000.0,1e-06,0.15848931924611143,6.710088241681372e-14,6.3250001338615265
10000.0,1e-06,0.25118864315095824,2.6713342440600657e-13,15.88768201554306
10000.0,1e-06,0.3981071705534973,1.0634773175054158e-12,39.90805288298133
10000.0,1.778279410038923e-06,0.025118864315095822,2.671334163609996e-16,0.15555437287791002
10000.0,1.778279410038923e-06,0.039810717055349734,1.0634772854776667e-15,0.3907349185940035
10000.0,1.778279410038923e-06,0.06309573444801936,4.233779330694281e-15,0.9814817403332784
10000.0,1.778279410038923e-06,0.1,1.6854979100905772e-14,2.4653706663175687
10000.0,1.778279410038923e-06,0.15848931924611143,6.710088039599936e-14,6.192731125364839
10000.0,1.778279410038923e-06,0.25118864315095824,2.6713341636099965e-13,15.555437287791003
10000.0,1.778279410038923e-06,0.3981071705534973,1.0634772854776665e-12,39.07349185940035
10000.0,1.778279410038923e-06,0.6309573444801936,4.233779330694282e-12,98.14817403332783
10000.0,3.162277660168379e-06,0.025118864315095822,2.67133402148955e-16,0.15223192560038945
10000.0,3.162277660168379e-06,0.039810717055349734,1.0634772288984981e-15,0.3823893083581937
10000.0,3.162277660168379e-06,0.06309573444801936,4.2337791054485535e-15,0.9605185152192802
10000.0,3.162277660168379e-06,0.1,1.685497820418638e-14,2.4127134255930356
10000.0,3.162277660168379e-06,0.15848931924611143,6.710087682609515e-14,6.060462116868151
10000.0,3.162277660168379e-06,0.25118864315095824,2.6713340214895504e-13,15.223192560038948
10000.0,3.162277660168379e-06,0.3981071705534973,1.0634772288984978e-12,38.23893083581937
10000.0,3.162277660168379e-06,0.6309573444801936,4.233779105448554e-12,96.05185152192801
10000.0,5.623413251903491e-06,0.025118864315095822,2.671333772523321e-16,0.14890947832286888
10000.0,5.623413251903491e-06,0.039810717055349734,1.063477129783257e-15,0.37404369812238386
10000.0,5.623413251903491e-06,0.06309573444801936,4.233778710863672e-15,0.939555290105282
10000.0,5.623413251903491e-06,0.1,1.685497663331567e-14,2.360056184868503
10000.0,5.623413251903491e-06,0.15848931924611143,6.710087057234621e-14,5.928193108371463
10000.0,5.623413251903491e-06,0.25118864315095824,2.671333772523321e-13,14.89094783228689
10000.0,5.623413251903491e-06,0.3981071705534973,1.0634771297832567e-12,37.40436981223838
10000.0,5.623413251903491e-06,0.6309573444801936,4.233778710863672e-12,93.9555290105282
10000.0,1e-05,0.025118864315095822,2.6713333570950303e-16,0.14558703104534834
10000.0,1e-05,0.039810717055349734,1.0634769643982757e-15,0.36569808788657404
10000.0,1e-05,0.06309573444801936,4.233778052454202e-15,0.9185920649912838
10000.0,1e-05,0.1,1.685497401214036e-14,2.30739894414397
10000.0,1e-05,0.15848931924611143,6.710086013725934e-14,5.7959240998747745
10000.0,1e-05,0.25118864315095824,2.6713333570950304e-13,14.558703104534835
10000.0,1e-05,0.3981071705534973,1.0634769643982754e-12,36.5698087886574
10000.0,1e-05,0.6309573444801936,4.233778052454202e-12,91.85920649912838
10000.0,1.778279410038923e-05,0.025118864315095822,2.6713326379001864e-16,0.14226458376782777
10000.0,1.778279410038923e-05,0.039810717055349734,1.063476678081651e-15,0.3573524776507642
10000.0,1.778279410038923e-05,0.06309573444801936,4.23377691260719e-15,0.8976288398772856
10000.0,1.778279410038923e-05,0.1,1.685496947432767e-14,2.254741703419437
10000.0,1.778279410038923e-05,0.15848931924611143,6.710084207190165e-14,5.663655091378087
10000.0,1.778279410038923e-05,0.25118864315095824,2.6713326379001867e-13,14.226458376782778
10000.0,1.778279410038923e-05,0.3981071705534973,1.063476678081651e-12,35.735247765076416
10000.0,1.778279410038923e-05,0.6309573444801936,4.23377691260719e-12,89.76288398772856
10000.0,0.0017782794100389228,0.06309573444801936,4.233574234312245e-15,0.7299230389653001
10000.0,0.0017782794100389228,0.1,1.685416259750234e-14,1.833483777623174
10000.0,0.0017782794100389228,0.15848931924611143,6.709762983740247e-14,4.605503023404584
10000.0,0.0017782794100389228,0.25118864315095824,2.6712047565414244e-13,11.56850055476633
10000.0,0.0017782794100389228,0.3981071705534973,1.0634257675957476e-12,29.058759576428553
10000.0,0.0017782794100389228,0.6309573444801936,4.233574234312245e-12,72.99230389653
10000.0,0.0031622776601683794,0.025118864315095822,2.671116987159733e-16,0.11236255827014273
10000.0,0.0031622776601683794,0.039810717055349734,1.0633908259755416e-15,0.28224198552847574
10000.0,0.0031622776601683794,0.06309573444801936,4.233435129216696e-15,0.7089598138513019
10000.0,0.0031622776601683794,0.1,1.6853608810142355e-14,1.7808265368986413
10000.0,0.0031622776601683794,0.15848931924611143,6.709542517021275e-14,4.473234014907895
10000.0,0.0031622776601683794,0.25118864315095824,2.6711169871597333e-13,11.236255827014274
10000.0,0.0031622776601683794,0.3981071705534973,1.0633908259755414e-12,28.22419855284757
10000.0,0.0031622776601683794,0.6309573444801936,4.233435129216696e-12,70.89598138513018
10000.0,0.005623413251903491,0.025118864315095822,2.670959297095474e-16,0.10904011099262217
10000.0,0.005623413251903491,0.039810717055349734,1.063328048430235e-15,0.2738963752926659
10000.0,0.005623413251903491,0.06309573444801936,4.2331852073073335e-15,0.6879965887373037
10000.0,0.005623413251903491,0.1,1.68526138531004e-14,1.7281692961741084
10000.0,0.005623413251903491,0.15848931924611143,6.70914641748848e-14,4.340965006411207
10000.0,0.005623413251903491,0.25118864315095824,2.670959297095475e-13,10.904011099262219
10000.0,0.005623413251903491,0.3981071705534973,1.063328048430235e-12,27.389637529266587
10000.0,0.005623413251903491,0.6309573444801936,4.2331852073073334e-12,68.79965887373037
10000.0,0.01,0.025118864315095822,2.670697274715935e-16,0.10571766371510162
10000.0,0.01,0.039810717055349734,1.063223735442095e-15,0.2655507650568561
10000.0,0.01,0.06309573444801936,4.23276992982173e-15,0.6670333636233056
10000.0,0.01,0.1,1.6850960603652514e-14,1.6755120554495755
10000.0,0.01,0.15848931924611143,6.708488247028563e-14,4.2086959979145195
10000.0,0.01,0.25118864315095824,2.6706972747159354e-13,10.571766371510163
10000.0,0.01,0.3981071705534973,1.0632237354420947e-12,26.555076505685605
10000.0,0.01,0.6309573444801936,4.232769929821729e-12,66.70333636233056
10000.0,0.01778279410038923,0.025118864315095822,2.6702701593847515e-16,0.10239521643758107
10000.0,0.01778279410038923,0.039810717055349734,1.0630536977660977e-15,0.2572051548210463
10000.0,0.01778279410038923,0.06309573444801936,4.2320929976409414e-15,0.6460701385093074
10000.0,0.01778279410038923,0.1,1.6848265688101013e-14,1.6228548147250428
10000.0,0.01778279410038923,0.15848931924611143,6.707415381823474e-14,4.076426989417832
10000.0,0.01778279410038923,0.25118864315095824,2.670270159384752e-13,10.239521643758108
10000.0,0.01778279410038923,0.3981071705534973,1.0630536977660975e-12,25.720515482104624
10000.0,0.01778279410038923,0.6309573444801936,4.2320929976409416e-12,64.60701385093074
10000.0,0.03162277660168379,0.039810717055349734,1.0627553918875885e-15,0.24885954458523651
10000.0,0.03162277660168379,0.06309573444801936,4.2309054205484145e-15,0.6251069133953093
10000.0,0.03162277660168379,0.1,1.684353785853981e-14,1.5701975740005103
10000.0,0.03162277660168379,0.15848931924611143,6.705533198974005e-14,3.9441579809211453
10000.0,0.03162277660168379,0.25118864315095824,2.6695208488960856e-13,9.907276916006055
10000.0,0.03162277660168379,0.3981071705534973,1.0627553918875883e-12,24.88595445852365
10000.0,0.03162277660168379,0.6309573444801936,4.230905420548414e-12,62.510691339530936
10000.0,0.05623413251903491,0.039810717055349734,1.0622574887184374e-15,0.24051393434942686
10000.0,0.05623413251903491,0.06309573444801936,4.22892323232961e-15,0.6041436882813116
10000.0,0.05623413251903491,0.1,1.6835646625106885e-14,1.5175403332759785
10000.0,0.05623413251903491,0.15848931924611143,6.702391642359847e-14,3.8118889724244602
10000.0,0.05623413251903491,0.25118864315095824,2.668270172681289e-13,9.575032188254005
10000.0,0.05623413251903491,0.3981071705534973,1.0622574887184372e-12,24.051393434942682
10000.0,0.05623413251903491,0.6309573444801936,4.22892323232961e-12,60.41436882813117
10000.0,0.1,0.039810717055349734,1.0614523948807253e-15,0.2321683241136176
10000.0,0.1,0.06309573444801936,4.225718096031994e-15,0.5831804631673149
10000.0,0.1,0.1,1.682288674768006e-14,1.4648830925514493
10000.0,0.1,0.15848931924611143,6.697311843660844e-14,3.679619963927781
10000.0,0.1,0.25118864315095824,2.666247868394248e-13,9.24278746050197
10000.0,0.1,0.3981071705534973,1.061452394880725e-12,23.216832411361757
10000.0,0.1,0.6309573444801936,4.225718096031994e-12,58.31804631673148
10000.0,0.1778279410038923,0.039810717055349734,1.0600782126424805e-15,0.22382271387780947
10000.0,0.1778279410038923,0.06309573444801936,4.220247378005069e-15,0.562217238053321
10000.0,0.1778279410038923,0.1,1.680110742693411e-14,1.4122258518269273
10000.0,0.1778279410038923,0.15848931924611143,6.688641339902097e-14,3.5473509554311202
10000.0,0.1778279410038923,0.25118864315095824,2.662796078675579e-13,8.910542732749983
10000.0,0.1778279410038923,0.3981071705534973,1.0600782126424803e-12,22.382271387780946
10000.0,0.1778279410038923,0.6309573444801936,4.220247378005069e-12,56.2217238053321
10000.0,0.31622776601683794,0.039810717055349734,1.057783218168584e-15,0.2154771036420049
10000.0,0.31622776601683794,0.06309573444801936,4.21111084044068e-15,0.541254012939336
10000.0,0.31622776601683794,0.1,1.6764734215749967e-14,1.3595686111024274
10000.0,0.31622776601683794,0.15848931924611143,6.674160903713632e-14,3.4150819469345155
10000.0,0.31622776601683794,0.25118864315095824,2.6570313131962096e-13,8.578298004998135
10000.0,0.31622776601683794,0.3981071705534973,1.0577832181685837e-12,21.547710364200487
10000.0,0.31622776601683794,0.6309573444801936,4.211110840440681e-12,54.12540129393359
10000.0,0.5623413251903491,0.039810717055349734,1.0541197315170646e-15,0.207131493406211
10000.0,0.5623413251903491,0.06309573444801936,4.196526237388711e-15,0.5202907878253779
10000.0,0.5623413251903491,0.1,1.6706671865203313e-14,1.306911370377995
10000.0,0.5623413251903491,0.15848931924611143,6.651045865621819e-14,3.2828129384380804
10000.0,0.5623413251903491,0.25118864315095824,2.6478290507842414e-13,8.246053277246714
10000.0,0.5623413251903491,0.3981071705534973,1.0541197315170642e-12,20.713149340621097
10000.0,0.5623413251903491,0.6309573444801936,4.196526237388711e-12,52.02907878253778
10000.0,1.0,0.039810717055349734,1.0480731451238043e-15,0.19878588317044973
10000.0,1.0,0.06309573444801936,4.17245434338343e-15,0.4993275627115016
10000.0,1.0,0.1,1.661083992908025e-14,1.2542541296537686
10000.0,1.0,0.15848931924611143,6.612894484683203e-14,3.150543929942162
10000.0,1.0,0.25118864315095824,2.6326407124660603e-13,7.913808549496592
10000.0,1.0,0.3981071705534973,1.048073145123804e-12,19.878588317044972
10000.0,1.0,0.6309573444801936,4.17245434338343e-12,49.93275627115016
10000.0,1.7782794100389228,0.039810717055349734,1.0380500760148273e-15,0.19044027293478744
10000.0,1.7782794100389228,0.06309573444801936,4.13255178655106e-15,0.478364337597874
10000.0,1.7782794100389228,0.1,1.6451984989096403e-14,1.2015968889301667
10000.0,1.7782794100389228,0.15848931924611143,6.549653193997788e-14,3.018274921447812
10000.0,1.7782794100389228,0.25118864315095824,2.607463901169138e-13,7.581563821750409
10000.0,1.7782794100389228,0.3981071705534973,1.038050076014827e-12,19.04402729347874
10000.0,1.7782794100389228,0.6309573444801936,4.13255178655106e-12,47.8364337597874
10000.0,3.1622776601683795,0.039810717055349734,1.0224173192826602e-15,0.18209466269942512
10000.0,3.1622776601683795,0.06309573444801936,4.0703166610451185e-15,0.45740111248499987
10000.0,3.1622776601683795,0.1,1.6204222491854282e-14,1.1489396482084573
10000.0,3.1622776601683795,0.15848931924611143,6.451017167251457e-14,2.8860059129582165
10000.0,3.1622776601683795,0.25118864315095824,2.5681961916465174e-13,7.249319094016168
10000.0,3.1622776601683795,0.3981071705534973,1.02241731928266e-12,18.209466269942507
10000.0,3.1622776601683795,0.6309573444801936,4.070316661045119e-12,45.740111248499986
10000.0,5.623413251903491,0.039810717055349734,9.978017251554707e-16,0.17374905246497024
10000.0,5.623413251903491,0.06309573444801936,3.972320215750431e-15,0.4364378873744052
10000.0,5.623413251903491,0.1,1.5814091616248597e-14,1.0962824074924737
10000.0,5.623413251903491,0.15848931924611143,6.29570326821852e-14,2.7537369044830036
10000.0,5.623413251903491,0.25118864315095824,2.5063646147548835e-13,6.9170743663180545
10000.0,5.623413251903491,0.3981071705534973,9.978017251554706e-13,17.374905246497022
10000.0,5.623413251903491,0.6309573444801936,3.972320215750431e-12,43.64378873744052
10000.0,10.0,0.039810717055349734,9.581067478659866e-16,0.165403442233255
10000.0,10.0,0.06309573444801936,3.814291664811413e-15,0.4154746622706922
10000.0,10.0,0.1,1.5184968623438578e-14,1.043625166793776
10000.0,10.0,0.15848931924611143,6.045244893620774e-14,2.6214678960512106
10000.0,10.0,0.25118864315095824,2.4066553399023467e-13,6.5848296387290075
10000.0,10.0,0.3981071705534973,9.581067478659865e-13,16.540344223325498
10000.0,10.0,0.6309573444801936,3.814291664811413e-12,41.547466227069215
10000.0,3.1622776601683795e-05,0.025118864315095822,2.6713313624547015e-16,0.1389421364903072
10000.0,3.1622776601683795e-05,0.039810717055349734,1.063476170317658e-15,0.3490068674149544
10000.0,3.1622776601683795e-05,0.06309573444801936,4.233774891162324e-15,0.8766656147632874
10000.0,3.1622776601683795e-05,0.1,1.685496142681071e-14,2.2020844626949043
10000.0,3.1622776601683795e-05,0.15848931924611143,6.710081003415958e-14,5.531386082881399
10000.0,3.1622776601683795e-05,0.25118864315095824,2.671331362454702e-13,13.894213649030723
10000.0,3.1622776601683795e-05,0.3981071705534973,1.063476170317658e-12,34.900686741495434
10000.0,3.1622776601683795e-05,0.6309573444801936,4.233774891162324e-12,87.66656147632874
10000.0,5.623413251903491e-05,0.025118864315095822,2.6713292374765406e-16,0.13561968921278666
10000.0,5.623413251903491e-05,0.039810717055349734,1.0634753243486148e-15,0.3406612571791445
10000.0,5.623413251903491e-05,0.06309573444801936,4.233771523298902e-15,0.8557023896492892
10000.0,5.623413251903491e-05,0.1,1.6854948019104934e-14,2.149427221970371
10000.0,5.623413251903491e-05,0.15848931924611143,6.710075665712148e-14,5.399117074384711
10000.0,5.623413251903491e-05,0.25118864315095824,2.6713292374765407e-13,13.561968921278666
10000.0,5.623413251903491e-05,0.3981071705534973,1.0634753243486146e-12,34.06612571791445
10000.0,5.623413251903491e-05,0.6309573444801936,4.233771523298902e-12,85.57023896492892
10000.0,0.0001,0.025118864315095822,2.6713256366682936e-16,0.1322972419352661
10000.0,0.0001,0.039810717055349734,1.063473890841032e-15,0.3323156469433347
10000.0,0.0001,0.06309573444801936,4.2337658164024244e-15,0.8347391645352911
10000.0,0.0001,0.1,1.685492529954084e-14,2.0967699812458385
10000.0,0.0001,0.15848931924611143,6.71006662089077e-14,5.2668480658880235
10000.0,0.0001,0.25118864315095824,2.671325636668294e-13,13.22972419352661
10000.0,0.0001,0.3981071705534973,1.0634738908410317e-12,33.231564694333464
10000.0,0.0001,0.6309573444801936,4.233765816402424e-12,83.4739164535291
10000.0,0.00017782794100389227,0.025118864315095822,2.6713191729853115e-16,0.12897479465774553
10000.0,0.00017782794100389227,0.039810717055349734,1.0634713176024887e-15,0.3239700367075249
10000.0,0.00017782794100389227,0.06309573444801936,4.233755572155268e-15,0.8137759394212929
10000.0,0.00017782794100389227,0.1,1.685488451645834e-14,2.0441127405213058
10000.0,0.00017782794100389227,0.15848931924611143,6.71005038485319e-14,5.134579057391335
10000.0,0.00017782794100389227,0.25118864315095824,2.6713191729853116e-13,12.897479465774556
10000.0,0.00017782794100389227,0.3981071705534973,1.0634713176024883e-12,32.39700367075248
10000.0,0.00017782794100389227,0.6309573444801936,4.233755572155268e-12,81.37759394212928
10000.0,0.00031622776601683794,0.025118864315095822,2.67130842814578e-16,0.12565234738022496
10000.0,0.00031622776601683794,0.039810717055349734,1.063467040004825e-15,0.31562442647171507
10000.0,0.00031622776601683794,0.06309573444801936,4.2337385427322406e-15,0.7928127143072947
10000.0,0.00031622776601683794,0.1,1.6854816721104168e-14,1.9914554997967728
10000.0,0.00031622776601683794,0.15848931924611143,6.710023395036562e-14,5.002310048894647
10000.0,0.00031622776601683794,0.25118864315095824,2.6713084281457805e-13,12.565234738022498
10000.0,0.00031622776601683794,0.3981071705534973,1.0634670400048247e-12,31.5624426471715
10000.0,0.00031622776601683794,0.6309573444801936,4.233738542732241e-12,79.28127143072946
10000.0,0.0005623413251903491,0.025118864315095822,2.671290631122274e-16,0.1223299001027044
10000.0,0.0005623413251903491,0.039810717055349734,1.0634599548821524e-15,0.30727881623590525
10000.0,0.0005623413251903491,0.06309573444801936,4.233710336350839e-15,0.7718494891932964
10000.0,0.0005623413251903491,0.1,1.6854704429477253e-14,1.93879825907224
10000.0,0.0005623413251903491,0.15848931924611143,6.709978690934695e-14,4.870041040397959
10000.0,0.0005623413251903491,0.25118864315095824,2.671290631122274e-13,12.232990010270443
10000.0,0.0005623413251903491,0.3981071705534973,1.0634599548821522e-12,30.72788162359052
10000.0,0.0005623413251903491,0.6309573444801936,4.233710336350839e-12,77.18494891932964
10000.0,0.001,0.025118864315095822,2.6712583102215653e-16,0.11900745282518385
10000.0,0.001,0.039810717055349734,1.0634470876998215e-15,0.2989332060000954
10000.0,0.001,0.06309573444801936,4.233659111175332e-15,0.7508862640792983
10000.0,0.001,0.1,1.685450049838043e-14,1.886141018347707
10000.0,0.001,0.15848931924611143,6.709897504502751e-14,4.7377720319012715
10000.0,0.001,0.25118864315095824,2.671258310221566e-13,11.900745282518386
10000.0,0.001,0.3981071705534973,1.0634470876998213e-12,29.893320600009535
10000.0,0.001,0.6309573444801936,4.233659111175332e-12,75.08862640792982
10000.0,0.0017782794100389228,0.025118864315095822,2.671204756541424e-16,0.1156850055476633
10000.0,0.0017782794100389228,0.039810717055349734,1.0634257675957478e-15,0.29058759576428556
10000.0,1000.0,0.06309573444801936,4.165929468481708e-17,0.24776895909649194
10000.0,1000.0,0.1,1.658486393422685e-16,0.6223674865037296
10000.0,1000.0,0.15848931924611143,6.602553254869803e-16,1.5633164447614416
10000.0,1000.0,0.25118864315095824,2.628523794725004e-15,3.9268733657520647
10000.0,1000.0,0.3981071705534973,1.0464341706505108e-14,9.863859925688953
10000.0,1000.0,0.6309573444801936,4.165929468481708e-14,24.776895909649195
10000.0,1000.0,1.0,1.6584863934226846e-13,62.23674865037296
17782.794100389227,1e-06,0.06309573444801936,7.528842972908545e-16,0.18199057133403057
17782.794100389227,1e-06,0.1,2.9972863734861973e-15,0.4571396467966273
17782.794100389227,1e-06,0.15848931924611143,1.1932411974871444e-14,1.148282876093531
17782.794100389227,1e-06,0.25118864315095824,4.750378769194744e-14,2.884356175994139
17782.794100389227,1e-06,0.3981071705534973,1.8911598508615203e-13,7.245175142120526
17782.794100389227,1e-06,0.6309573444801936,7.528842972908545e-13,18.199057133403056
17782.794100389227,1e-06,1.0,2.997286373486197e-12,45.71396467966272
17782.794100389227,1.778279410038923e-06,0.06309573444801936,7.528842837161116e-16,0.17826272417520717
17782.794100389227,1.778279410038923e-06,0.1,2.997286319444172e-15,0.4477757180996373
17782.794100389227,1.778279410038923e-06,0.15848931924611143,1.1932411759726266e-14,1.1247617506539387
17782.794100389227,1.778279410038923e-06,0.25118864315095824,4.7503786835439064e-14,2.825273780148592
17782.794100389227,1.778279410038923e-06,0.3981071705534973,1.8911598167633076e-13,7.096766873655019
17782.794100389227,1.778279410038923e-06,0.6309573444801936,7.528842837161115e-13,17.82627241752072
17782.794100389227,1.778279410038923e-06,1.0,2.9972863194441715e-12,44.777571809963725
17782.794100389227,3.162277660168379e-06,0.06309573444801936,7.528842610422014e-16,0.1745348770163838
17782.794100389227,3.162277660168379e-06,0.1,2.99728622917771e-15,0.4384117894026473
17782.794100389227,3.162277660168379e-06,0.15848931924611143,1.1932411400369008e-14,1.1012406252143463
17782.794100389227,3.162277660168379e-06,0.25118864315095824,4.750378540481205e-14,2.7661913843030455
17782.794100389227,3.162277660168379e-06,0.3981071705534973,1.8911597598090204e-13,6.948358605189512
17782.794100389227,3.162277660168379e-06,0.6309573444801936,7.528842610422014e-13,17.45348770163838
17782.794100389227,3.162277660168379e-06,1.0,2.9972862291777095e-12,43.841178940264726
17782.794100389227,5.623413251903491e-06,0.06309573444801936,7.528842209872175e-16,0.1708070298575604
17782.794100389227,5.623413251903491e-06,0.1,2.9972860697159467e-15,0.4290478607056573
17782.794100389227,5.623413251903491e-06,0.15848931924611143,1.1932410765540294e-14,1.077719499774754
17782.794100389227,5.623413251903491e-06,0.25118864315095824,4.750378287751342e-14,2.7071089884574984
17782.794100389227,5.623413251903491e-06,0.3981071705534973,1.8911596591954496e-13,6.799950336724005
17782.794100389227,5.623413251903491e-06,0.6309573444801936,7.528842209872174e-13,17.08070298575604
17782.794100389227,5.623413251903491e-06,1.0,2.9972860697159462e-12,42.90478607056573
17782.794100389227,1e-05,0.06309573444801936,7.528841508190003e-16,0.16707918269873703
17782.794100389227,1e-05,0.1,2.997285790371243e-15,0.4196839320086673
17782.794100389227,1e-05,0.15848931924611143,1.1932409653448997e-14,1.0541983743351615
17782.794100389227,1e-05,0.25118864315095824,4.750377845019823e-14,2.6480265926119517
17782.794100389227,1e-05,0.3981071705534973,1.891159482940857e-13,6.651542068258498
17782.794100389227,1e-05,0.6309573444801936,7.528841508190003e-13,16.7079182698737
17782.794100389227,1e-05,1.0,2.9972857903712425e-12,41.96839320086673
17782.794100389227,1.778279410038923e-05,0.06309573444801936,7.528840337353999e-16,0.16335133553991366
17782.794100389227,1.778279410038923e-05,0.1,2.9972853242530342e-15,0.41032000331167734
17782.794100389227,1.778279410038923e-05,0.15848931924611143,1.1932407797798986e-14,1.030677248895569
17782.794100389227,1.778279410038923e-05,0.25118864315095824,4.750377106272247e-14,2.5889441967664046
17782.794100389227,1.778279410038923e-05,0.3981071705534973,1.8911591888401502e-13,6.503133799792991
17782.794100389227,1.778279410038923e-05,0.6309573444801936,7.528840337354e-13,16.335133553991366
17782.794100389227,1.778279410038923e-05,1.0,2.997285324253034e-12,41.03200033116773
17782.794100389227,3.1622776601683795e-05,0.06309573444801936,7.528838310387527e-16,0.15962348838109025
17782.794100389227,3.1622776601683795e-05,0.1,2.9972845173031473e-15,0.40095607461468735
17782.794100389227,3.1622776601683795e-05,0.15848931924611143,1.1932404585273622e-14,1.007156123455977
17782.794100389227,3.1622776601683795e-05,0.25118864315095824,4.750375827342864e-14,2.529861800920858
17782.794100389227,3.1622776601683795e-05,0.3981071705534973,1.8911586796891923e-13,6.3547255313274835
17782.794100389227,3.1622776601683795e-05,0.6309573444801936,7.528838310387527e-13,15.962348838109026
17782.794100389227,3.1622776601683795e-05,1.0,2.9972845173031467e-12,40.09560746146873
17782.794100389227,5.623413251903491e-05,0.06309573444801936,7.528834715693744e-16,0.15589564122226687
17782.794100389227,5.623413251903491e-05,0.1,2.997283086229776e-15,0.39159214591769737
17782.794100389227,5.623413251903491e-05,0.15848931924611143,1.1932398888067917e-14,0.9836349980163844
17782.794100389227,5.623413251903491e-05,0.25118864315095824,4.7503735592444204e-14,2.470779405075311
17782.794100389227,5.623413251903491e-05,0.3981071705534973,1.8911577767429382e-13,6.206317262861977
17782.794100389227,5.623413251903491e-05,0.6309573444801936,7.528834715693744e-13,15.589564122226687
17782.794100389227,5.623413251903491e-05,1.0,2.9972830862297754e-12,39.15921459176973
17782.794100389227,0.0001,0.06309573444801936,7.528828726691565e-16,0.1521677940634435
17782.794100389227,0.0001,0.1,2.9972807019650643e-15,0.3822282172207074
17782.794100389227,0.0001,0.15848931924611143,1.1932389396139133e-14,0.9601138725767921
17782.794100389227,0.0001,0.25118864315095824,4.7503697804395094e-14,2.411697009229764
17782.794100389227,0.0001,0.3981071705534973,1.891156272373607e-13,6.0579089943964695
17782.794100389227,0.0001,0.6309573444801936,7.528828726691565e-13,15.21677940634435
17782.794100389227,0.0001,1.0,2.9972807019650636e-12,38.222821722070734
17782.794100389227,0.00017782794100389227,0.06309573444801936,7.528818578235063e-16,0.14843994690462012
17782.794100389227,0.00017782794100389227,0.1,2.9972766617917606e-15,0.3728642885237174
17782.794100389227,0.00017782794100389227,0.15848931924611143,1.193237331191951e-14,0.9365927471371998
17782.794100389227,0.00017782794100389227,0.25118864315095824,4.750363377196345e-14,2.352614613384217
17782.794100389227,0.00017782794100389227,0.3981071705534973,1.8911537231965881e-13,5.909500725930963
17782.794100389227,0.00017782794100389227,0.6309573444801936,7.528818578235063e-13,14.843994690462011
17782.794100389227,0.00017782794100389227,1.0,2.99727666179176e-12,37.286428852371735
17782.794100389227,0.00031622776601683794,0.06309573444801936,7.528800361101273e-16,0.1447120997457967
17782.794100389227,0.00031622776601683794,0.1,2.997269409420172e-15,0.3635003598267274
17782.794100389227,0.00031622776601683794,0.15848931924611143,1.193234443970818e-14,0.9130716216976074
17782.794100389227,0.00031622776601683794,0.25118864315095824,4.7503518829619843e-14,2.29353221753867
17782.794100389227,0.00031622776601683794,0.3981071705534973,1.8911491472594694e-13,5.761092457465456
17782.794100389227,0.00031622776601683794,0.6309573444801936,7.528800361101273e-13,14.471209974579672
17782.794100389227,0.00031622776601683794,1.0,2.9972694094201714e-12,36.350035982672736
17782.794100389227,0.0005623413251903491,0.06309573444801936,7.52877007802894e-16,0.14098425258697334
17782.794100389227,0.0005623413251903491,0.1,2.9972573535119297e-15,0.3541364311297374
17782.794100389227,0.0005623413251903491,0.15848931924611143,1.1932296444272992e-14,0.8895504962580151
17782.794100389227,0.0005623413251903491,0.25118864315095824,4.7503327756350824e-14,2.2344498216931235
17782.794100389227,0.0005623413251903491,0.3981071705534973,1.8911415404956196e-13,5.612684188999949
17782.794100389227,0.0005623413251903491,0.6309573444801936,7.52877007802894e-13,14.098425258697334
17782.794100389227,0.0005623413251903491,1.0,2.997257353511929e-12,35.41364311297374
17782.794100389227,0.001,0.06309573444801936,7.528719919201661e-16,0.13725640542814996
17782.794100389227,0.001,0.1,2.9972373849231238e-15,0.34477250243274743
17782.794100389227,0.001,0.15848931924611143,1.1932216947889096e-14,0.8660293708184227
17782.794100389227,0.001,0.25118864315095824,4.7503011275546205e-14,2.1753674258475764
17782.794100389227,0.001,0.3981071705534973,1.8911289411678535e-13,5.464275920534442
17782.794100389227,0.001,0.6309573444801936,7.528719919201662e-13,13.725640542814995
17782.794100389227,0.001,1.0,2.997237384923123e-12,34.47725024327474
17782.794100389227,0.0017782794100389228,0.06309573444801936,7.528628826526782e-16,0.13352855826932658
17782.794100389227,0.0017782794100389228,0.1,2.997201120276069e-15,0.33540857373575744
17782.794100389227,0.0017782794100389228,0.15848931924611143,1.1932072575728796e-14,0.8425082453788304
17782.794100389227,0.0017782794100389228,0.25118864315095824,4.7502436519623766e-14,2.1162850300020297
17782.794100389227,0.0017782794100389228,0.3981071705534973,1.8911060597224494e-13,5.315867652068935
17782.794100389227,0.0017782794100389228,0.6309573444801936,7.528628826526781e-13,13.352855826932657
17782.794100389227,0.0017782794100389228,1.0,2.9972011202760685e-12,33.54085737357574
17782.794100389227,0.0031622776601683794,0.06309573444801936,7.528477891748764e-16,0.12980071111050318
17782.794100389227,0.0031622776601683794,0.1,2.9971410320586546e-15,0.32604464503876746
17782.794100389227,0.0031622776601683794,0.15848931924611143,1.1931833360226612e-14,0.818987119939238
17782.794100389227,0.0031622776601683794,0.25118864315095824,4.75014841855565e-14,2.0572026341564826
17782.794100389227,0.0031622776601683794,0.3981071705534973,1.8910681466203552e-13,5.167459383603428
17782.794100389227,0.0031622776601683794,0.6309573444801936,7.528477891748765e-13,12.980071111050318
17782.794100389227,0.0031622776601683794,1.0,2.997141032058654e-12,32.60446450387674
10000.0,17.78279410038923,0.039810717055349734,8.993418096461087e-16,0.15705783200979198
10000.0,17.78279410038923,0.06309573444801936,3.5803442319867455e-15,0.3945114371877077
10000.0,17.78279410038923,0.1,1.4253607118037756e-14,0.9909679261471461
10000.0,17.78279410038923,0.15848931924611143,5.6744631999432063e-14,2.4891988877502063
10000.0,17.78279410038923,0.25118864315095824,2.2590444889393365e-13,6.252584911468486
10000.0,17.78279410038923,0.3981071705534973,8.993418096461086e-13,15.705783200979196
10000.0,17.78279410038923,0.6309573444801936,3.580344231986746e-12,39.45114371877077
10000.0,17.78279410038923,1.0,1.4253607118037753e-11,99.0967926147146
10000.0,31.622776601683793,0.039810717055349734,8.146667609375107e-16,0.14871222181112417
10000.0,31.622776601683793,0.06309573444801936,3.2432467914081504e-15,0.3735482121670061
10000.0,31.622776601683793,0.1,1.2911598035342054e-14,0.9383106856569636
10000.0,31.622776601683793,0.15848931924611143,5.1401997611741255e-14,2.3569298798421796
10000.0,31.622776601683793,0.25118864315095824,2.046350383000796e-13,5.920340185195081
10000.0,31.622776601683793,0.3981071705534973,8.146667609375105e-13,14.871222181112417
10000.0,31.622776601683793,0.6309573444801936,3.2432467914081502e-12,37.35482121670061
10000.0,31.622776601683793,1.0,1.2911598035342051e-11,93.83106856569634
10000.0,56.23413251903491,0.039810717055349734,6.90302386803573e-16,0.1403666116867532
10000.0,56.23413251903491,0.06309573444801936,2.748143300366965e-15,0.3525849873329297
10000.0,56.23413251903491,0.1,1.0940555535846407e-14,0.8856534456355624
10000.0,56.23413251903491,0.15848931924611143,4.35551360865922e-14,2.2246608731116786
10000.0,56.23413251903491,0.25118864315095824,1.7339611990505764e-13,5.588095461879486
10000.0,56.23413251903491,0.3981071705534973,6.903023868035729e-13,14.03666116867532
10000.0,56.23413251903491,0.6309573444801936,2.748143300366965e-12,35.25849873329297
10000.0,56.23413251903491,1.0,1.0940555535846406e-11,88.56534456355622
10000.0,100.0,0.039810717055349734,5.332847584140948e-16,0.13202100178432435
10000.0,100.0,0.06309573444801936,2.123044862715408e-15,0.3316217630563466
10000.0,100.0,0.1,8.451993832537679e-15,0.8329962070145212
10000.0,100.0,0.15848931924611143,3.3647993502071895e-14,2.092391869898723
10000.0,100.0,0.25118864315095824,1.3395507487912319e-13,5.255850747399565
10000.0,100.0,0.3981071705534973,5.332847584140947e-13,13.202100178432433
10000.0,100.0,0.6309573444801936,2.123044862715408e-12,33.16217630563466
10000.0,100.0,1.0,8.451993832537679e-12,83.29962070145211
10000.0,177.82794100389228,0.039810717055349734,3.572422675735625e-16,0.12367539254261216
10000.0,177.82794100389228,0.06309573444801936,1.4222070834582649e-15,0.31065854043940877
10000.0,177.82794100389228,0.1,5.6619083793671056e-15,0.7803389725623204
10000.0,177.82794100389228,0.15848931924611143,2.2540463248429783e-14,1.9601228771574208
10000.0,177.82794100389228,0.25118864315095824,8.973520046797483e-14,4.923606059223249
10000.0,177.82794100389228,0.3981071705534973,3.5724226757356247e-13,12.367539254261214
10000.0,177.82794100389228,0.6309573444801936,1.4222070834582649e-12,31.065854043940877
10000.0,177.82794100389228,1.0,5.6619083793671044e-12,78.03389725623202
10000.0,316.22776601683796,0.039810717055349734,1.800721586855848e-16,0.11532978526021832
10000.0,316.22776601683796,0.06309573444801936,7.168801758977859e-16,0.2896953227440562
10000.0,316.22776601683796,0.1,2.8539513845256058e-15,0.7276817504725827
10000.0,316.22776601683796,0.15848931924611143,1.1361785105907264e-14,1.827853915469222
10000.0,316.22776601683796,0.25118864315095824,4.5232081209496135e-14,4.591361449048801
10000.0,316.22776601683796,0.3981071705534973,1.8007215868558476e-13,11.53297852602183
10000.0,316.22776601683796,0.6309573444801936,7.168801758977859e-13,28.969532274405616
10000.0,316.22776601683796,1.0,2.853951384525605e-12,72.76817504725825
10000.0,562.341325190349,0.039810717055349734,6.021151193546256e-17,0.10698418376247489
10000.0,562.341325190349,0.06309573444801936,2.3970634651375147e-16,0.2687321195790884
10000.0,562.341325190349,0.1,9.542881537430564e-16,0.6750245648815214
10000.0,562.341325190349,0.15848931924611143,3.799089567793695e-15,1.6955850454615533
10000.0,562.341325190349,0.25118864315095824,1.5124447985136583e-14,4.259117069165434
10000.0,562.341325190349,0.3981071705534973,6.021151193546254e-14,10.698418376247488
10000.0,562.341325190349,0.6309573444801936,2.397063465137515e-13,26.87321195790884
10000.0,562.341325190349,1.0,9.542881537430562e-13,67.50245648815213
17782.794100389227,0.005623413251903491,0.06309573444801936,7.52823052402152e-16,0.1260728639516798
17782.794100389227,0.005623413251903491,0.1,2.997042553192675e-15,0.31668071634177747
17782.794100389227,0.005623413251903491,0.15848931924611143,1.1931441308799666e-14,0.7954659944996456
17782.794100389227,0.005623413251903491,0.25118864315095824,4.7499923400713566e-14,1.9981202383109358
17782.794100389227,0.005623413251903491,0.3981071705534973,1.891006010656589e-13,5.019051115137921
17782.794100389227,0.005623413251903491,0.6309573444801936,7.528230524021519e-13,12.60728639516798
17782.794100389227,0.005623413251903491,1.0,2.997042553192674e-12,31.668071634177743
17782.794100389227,0.01,0.06309573444801936,7.527786093035983e-16,0.12234501679285642
17782.794100389227,0.01,0.1,2.9968656220305163e-15,0.3073167876447875
17782.794100389227,0.01,0.15848931924611143,1.193073693315617e-14,0.7719448690600533
17782.794100389227,0.01,0.25118864315095824,4.749711923076918e-14,1.939037842465389
17782.794100389227,0.01,0.3981071705534973,1.8908943746403578e-13,4.870642846672414
17782.794100389227,0.01,0.6309573444801936,7.527786093035983e-13,12.234501679285641
17782.794100389227,0.01,1.0,2.996865622030516e-12,30.731678764478744
17782.794100389227,0.01778279410038923,0.06309573444801936,7.527047613633879e-16,0.11861716963403303
17782.794100389227,0.01778279410038923,0.1,2.9965716280852332e-15,0.2979528589477975
17782.794100389227,0.01778279410038923,0.15848931924611143,1.1929566522179004e-14,0.7484237436204609
17782.794100389227,0.01778279410038923,0.25118864315095824,4.749245974074413e-14,1.879955446619842
17782.794100389227,0.01778279410038923,0.3981071705534973,1.8907088770013485e-13,4.722234578206907
17782.794100389227,0.01778279410038923,0.6309573444801936,7.527047613633879e-13,11.861716963403303
17782.794100389227,0.01778279410038923,1.0,2.9965716280852328e-12,29.795285894779745
17782.794100389227,0.03162277660168379,0.06309573444801936,7.525843839074791e-16,0.11488932247520967
17782.794100389227,0.03162277660168379,0.1,2.99609239680153e-15,0.2885889302508075
17782.794100389227,0.03162277660168379,0.15848931924611143,1.1927658668075047e-14,0.7249026181808687
17782.794100389227,0.03162277660168379,0.25118864315095824,4.7484864436752586e-14,1.8208730507742952
17782.794100389227,0.03162277660168379,0.3981071705534973,1.8904065025031916e-13,4.5738263097414
17782.794100389227,0.03162277660168379,0.6309573444801936,7.525843839074791e-13,11.488932247520966
17782.794100389227,0.03162277660168379,1.0,2.99609239680153e-12,28.85889302508075
17782.794100389227,0.05623413251903491,0.06309573444801936,7.523731995183316e-16,0.1111614753163863
17782.794100389227,0.05623413251903491,0.1,2.9952516566052444e-15,0.2792250015538176
17782.794100389227,0.05623413251903491,0.15848931924611143,1.1924311621067907e-14,0.7013814927412765
17782.794100389227,0.05623413251903491,0.25118864315095824,4.7471539602615363e-14,1.7617906549287488
17782.794100389227,0.05623413251903491,0.3981071705534973,1.8898760313015452e-13,4.425418041275894
17782.794100389227,0.05623413251903491,0.6309573444801936,7.523731995183317e-13,11.11614753163863
17782.794100389227,0.05623413251903491,1.0,2.995251656605244e-12,27.92250015538176
17782.794100389227,0.1,0.06309573444801936,7.520207110686996e-16,0.107433628157563
17782.794100389227,0.1,0.1,2.993848374811886e-15,0.2698610728568278
17782.794100389227,0.1,0.15848931924611143,1.1918725055625478e-14,0.6778603673016846
17782.794100389227,0.1,0.25118864315095824,4.7449299085001387e-14,1.7027082590832032
17782.794100389227,0.1,0.3981071705534973,1.8889906203476505e-13,4.27700977281039
17782.794100389227,0.1,0.6309573444801936,7.520207110686995e-13,10.7433628157563
17782.794100389227,0.1,1.0,2.993848374811886e-12,26.986107285682778
17782.794100389227,0.1778279410038923,0.06309573444801936,7.514507482802577e-16,0.10370578099873987
17782.794100389227,0.1778279410038923,0.1,2.9915793120816123e-15,0.26049714415983843
17782.794100389227,0.1778279410038923,0.15848931924611143,1.19096917541919e-14,0.6543392418620938
17782.794100389227,0.1778279410038923,0.25118864315095824,4.7413336864256604e-14,1.6436258632376604
17782.794100389227,0.1778279410038923,0.3981071705534973,1.887558938552898e-13,4.128601504344894
17782.794100389227,0.1778279410038923,0.6309573444801936,7.514507482802576e-13,10.370578099873986
17782.794100389227,0.1778279410038923,1.0,2.991579312081612e-12,26.049714415983843
17782.794100389227,0.31622776601683794,0.1,2.987706340316896e-15,0.2511332154628504
17782.794100389227,0.31622776601683794,0.15848931924611143,1.1894273175883053e-14,0.6308181164225063
17782.794100389227,0.31622776601683794,0.25118864315095824,4.735195439841168e-14,1.5845434673921255
17782.794100389227,0.31622776601683794,0.3981071705534973,1.885115258572986e-13,3.980193235879417
17782.794100389227,0.31622776601683794,0.6309573444801936,7.504779017577166e-13,9.997793383991725
17782.794100389227,0.31622776601683794,1.0,2.9877063403168956e-12,25.113321546285036
17782.794100389227,0.5623413251903491,0.1,2.9812381670643202e-15,0.2417692867658663
17782.794100389227,0.5623413251903491,0.15848931924611143,1.1868522914360724e-14,0.6072969909829288
17782.794100389227,0.5623413251903491,0.25118864315095824,4.7249440760855006e-14,1.5254610715466157
17782.794100389227,0.5623413251903491,0.3981071705534973,1.8810341171539029e-13,3.8317849674140034
17782.794100389227,0.5623413251903491,0.6309573444801936,7.488531700947368e-13,9.62500866810962
17782.794100389227,0.5623413251903491,1.0,2.9812381670643197e-12,24.176928676586627
17782.794100389227,1.0,0.1,2.9709130588167625e-15,0.2324053580688942
17782.794100389227,1.0,0.15848931924611143,1.1827417918059787e-14,0.5837758655433813
17782.794100389227,1.0,0.25118864315095824,4.708579882312523e-14,1.4663786757011819
17782.794100389227,1.0,0.3981071705534973,1.8745194142725534e-13,3.68337669894878
17782.794100389227,1.0,0.6309573444801936,7.46259620163646e-13,9.252223952227995
17782.794100389227,1.0,1.0,2.9709130588167623e-12,23.240535806889415
17782.794100389227,1.7782794100389228,0.1,2.953871462933582e-15,0.22304142937195867
17782.794100389227,1.7782794100389228,0.15848931924611143,1.1759574102872095e-14,0.5602547401039258
17782.794100389227,1.7782794100389228,0.25118864315095824,4.6815707730085965e-14,1.4072962798559787
17782.794100389227,1.7782794100389228,0.3981071705534973,1.863766894188397e-13,3.5349684304841364
17782.794100389227,1.7782794100389228,0.6309573444801936,7.419789648166228e-13,8.879439236347825
17782.794100389227,1.7782794100389228,1.0,2.9538714629335814e-12,22.304142937195866
17782.794100389227,3.1622776601683795,0.1,2.9256226160379563e-15,0.21367750067513422
17782.794100389227,3.1622776601683795,0.15848931924611143,1.164711341778193e-14,0.5367336146647492
17782.794100389227,3.1622776601683795,0.25118864315095824,4.6367993678688425e-14,1.3482138840114761
17782.794100389227,3.1622776601683795,0.3981071705534973,1.8459430767665054e-13,3.3865601620212527
17782.794100389227,3.1622776601683795,0.6309573444801936,7.348831752943314e-13,8.506654520472077
17782.794100389227,3.1622776601683795,1.0,2.9256226160379558e-12,21.36775006751342
17782.794100389227,5.623413251903491,0.1,2.8815635212954082e-15,0.20431357197864633
17782.794100389227,5.623413251903491,0.15848931924611143,1.1471711002330887e-14,0.5132124892264182
17782.794100389227,5.623413251903491,0.25118864315095824,4.5669704085453786e-14,1.2891314881690974
17782.794100389227,5.623413251903491,0.3981071705534973,1.818143667347546e-13,3.2381518935637037
17782.794100389227,5.623413251903491,0.6309573444801936,7.238160310674913e-13,8.133869804609727
17782.794100389227,5.623413251903491,1.0,2.8815635212954075e-12,20.43135719786463
17782.794100389227,10.0,0.1,2.812187350964404e-15,0.19494964328317665
17782.794100389227,10.0,0.15848931924611143,1.119551949358775e-14,0.4896913637906446
17782.794100389227,10.0,0.25118864315095824,4.457016588468747e-14,1.2300490923331429
17782.794100389227,10.0,0.3981071705534973,1.77437026314529e-13,3.0897436251222916
17782.794100389227,10.0,0.6309573444801936,7.063895249750366e-13,7.761085088787913
17782.794100389227,10.0,1.0,2.8121873509644034e-12,19.494964328317664
17782.794100389227,17.78279410038923,0.1,2.7003117045147918e-15,0.18558571459078088
17782.794100389227,17.78279410038923,0.15848931924611143,1.0750134522968764e-14,0.46617023836259236
17782.794100389227,17.78279410038923,0.25118864315095824,4.2797056380085697e-14,1.1709666965165835
17782.794100389227,17.78279410038923,0.3981071705534973,1.7037815023494377e-13,2.941335356729598
17782.794100389227,17.78279410038923,0.6309573444801936,6.782876331417222e-13,7.388300373088473
17782.794100389227,17.78279410038923,1.0,2.700311704514791e-12,18.558571459078085
31622.776601683792,0.0001,0.15848931924611143,2.121913925502251e-15,0.17491778639662128
31622.776601683792,0.0001,0.25118864315095824,8.447491490397665e-15,0.4393736142793644
31622.776601683792,0.0001,0.3981071705534973,3.3630069355169525e-14,1.1036566200716578
31622.776601683792,0.0001,0.6309573444801936,1.338837175650443e-13,2.772260089003723
31622.776601683792,0.0001,1.0,5.330006798300326e-13,6.963602502183985
31622.776601683792,0.00017782794100389227,0.15848931924611143,2.1219122375720993e-15,0.1707350730896043
31622.776601683792,0.00017782794100389227,0.25118864315095824,8.447484770626698e-15,0.42886711347657386
31622.776601683792,0.00017782794100389227,0.3981071705534973,3.3630042603279455e-14,1.0772654832624837
31622.776601683792,0.00017782794100389227,0.6309573444801936,1.3388361106385168e-13,2.7059685505406454
31622.776601683792,0.00017782794100389227,1.0,5.330002558411481e-13,6.797085686194686
31622.776601683792,0.00031622776601683794,0.15848931924611143,2.121909377348441e-15,0.16655235978258734
31622.776601683792,0.00031622776601683794,0.25118864315095824,8.44747338387122e-15,0.4183606126737833
31622.776601683792,0.00031622776601683794,0.3981071705534973,3.362999727178941e-14,1.0508743464533097
31622.776601683792,0.00031622776601683794,0.6309573444801936,1.3388343059593929e-13,2.639677012077568
31622.776601683792,0.00031622776601683794,1.0,5.329995373854483e-13,6.630568870205387
31622.776601683792,0.0005623413251903491,0.15848931924611143,2.121904243062548e-15,0.16236964647557037
31622.776601683792,0.0005623413251903491,0.25118864315095824,8.447452943910922e-15,0.4078541118709928
31622.776601683792,0.0005623413251903491,0.3981071705534973,3.3629915898841804e-14,1.0244832096441356
31622.776601683792,0.0005623413251903491,0.6309573444801936,1.338831066444e-13,2.573385473614491
31622.776601683792,0.0005623413251903491,1.0,5.329982477111412e-13,6.464052054216088
31622.776601683792,0.001,0.15848931924611143,2.1218957081331307e-15,0.15818693316855337
31622.776601683792,0.001,0.25118864315095824,8.447418965744912e-15,0.3973476110682023
31622.776601683792,0.001,0.3981071705534973,3.3629780629326497e-14,0.9980920728349617
31622.776601683792,0.001,0.6309573444801936,1.3388256812675995e-13,2.507093935151414
31622.776601683792,0.001,1.0,5.329961038338016e-13,6.297535238226789
31622.776601683792,0.0017782794100389228,0.15848931924611143,2.1218815714548656e-15,0.1540042198615364
31622.776601683792,0.0017782794100389228,0.25118864315095824,8.447362686615059e-15,0.3868411102654118
31622.776601683792,0.0017782794100389228,0.3981071705534973,3.3629556578075027e-14,0.9717009360257878
31622.776601683792,0.0017782794100389228,0.6309573444801936,1.3388167616266214e-13,2.4408023966883365
31622.776601683792,0.0017782794100389228,1.0,5.329925528607694e-13,6.13101842223749
31622.776601683792,0.0031622776601683794,0.15848931924611143,2.1218558980508613e-15,0.14982150655451942
31622.776601683792,0.0031622776601683794,0.25118864315095824,8.447260478952793e-15,0.37633460946262126
31622.776601683792,0.0031622776601683794,0.3981071705534973,3.362914968204269e-14,0.9453097992166137
31622.776601683792,0.0031622776601683794,0.6309573444801936,1.338800562803807e-13,2.374510858225259
31622.776601683792,0.0031622776601683794,1.0,5.329861039932525e-13,5.9645016062481915
31622.776601683792,0.005623413251903491,0.15848931924611143,2.1218133588506512e-15,0.14563879324750245
31622.776601683792,0.005623413251903491,0.25118864315095824,8.447091127346461e-15,0.36582810865983073
31622.776601683792,0.005623413251903491,0.3981071705534973,3.362847548115444e-14,0.9189186624074398
31622.776601683792,0.005623413251903491,0.6309573444801936,1.3387737223830064e-13,2.3082193197621823
31622.776601683792,0.005623413251903491,1.0,5.329754186292711e-13,5.797984790258893
31622.776601683792,1.778279410038923e-06,0.15848931924611143,2.1219162527015763e-15,0.20419677954574014
31622.776601683792,1.778279410038923e-06,0.25118864315095824,8.447500755145053e-15,0.512919119898898
31622.776601683792,1.778279410038923e-06,0.3981071705534973,3.363010623879321e-14,1.2883945777358756
31622.776601683792,1.778279410038923e-06,0.6309573444801936,1.3388386440139496e-13,3.2363008582452633
31622.776601683792,1.778279410038923e-06,1.0,5.330012643960735e-13,8.129220214109077
31622.776601683792,3.162277660168379e-06,0.15848931924611143,2.1219162144427525e-15,0.20001406623872317
31622.776601683792,3.162277660168379e-06,0.25118864315095824,8.447500602833932e-15,0.5024126190961076
31622.776601683792,3.162277660168379e-06,0.3981071705534973,3.3630105632431717e-14,1.2620034409267016
31622.776601683792,3.162277660168379e-06,0.6309573444801936,1.3388386198742637e-13,3.170009319782186
31622.776601683792,3.162277660168379e-06,1.0,5.330012547858915e-13,7.962703398119778
31622.776601683792,5.623413251903491e-06,0.15848931924611143,2.1219161505389915e-15,0.1958313529317062
31622.776601683792,5.623413251903491e-06,0.25118864315095824,8.447500348428476e-15,0.491906118293317
31622.776601683792,5.623413251903491e-06,0.3981071705534973,3.363010461962535e-14,1.2356123041175275
31622.776601683792,5.623413251903491e-06,0.6309573444801936,1.338838579553716e-13,3.1037177813191086
31622.776601683792,5.623413251903491e-06,1.0,5.330012387339924e-13,7.796186582130479
31622.776601683792,1e-05,0.15848931924611143,2.121916037648708e-15,0.1916486396246892
31622.776601683792,1e-05,0.25118864315095824,8.447499899004164e-15,0.48139961749052645
31622.776601683792,1e-05,0.3981071705534973,3.363010283043494e-14,1.2092211673083537
31622.776601683792,1e-05,0.6309573444801936,1.3388385083247629e-13,3.0374262428560317
31622.776601683792,1e-05,1.0,5.330012103772354e-13,7.6296697661411805
31622.776601683792,1.778279410038923e-05,0.15848931924611143,2.1219158398878026e-15,0.18746592631767223
31622.776601683792,1.778279410038923e-05,0.25118864315095824,8.447499111703818e-15,0.4708931166877359
31622.776601683792,1.778279410038923e-05,0.3981071705534973,3.3630099696135814e-14,1.1828300304991797
31622.776601683792,1.778279410038923e-05,0.6309573444801936,1.3388383835460672e-13,2.9711347043929544
31622.776601683792,1.778279410038923e-05,1.0,5.330011607019418e-13,7.463152950151882
31622.776601683792,3.1622776601683795e-05,0.15848931924611143,2.121915509901382e-15,0.18328321301065525
31622.776601683792,3.1622776601683795e-05,0.25118864315095824,8.447497798004216e-15,0.46038661588494545
31622.776601683792,3.1622776601683795e-05,0.3981071705534973,3.363009446620349e-14,1.1564388936900056
31622.776601683792,3.1622776601683795e-05,0.6309573444801936,1.3388381753387114e-13,2.904843165929877
31622.776601683792,3.1622776601683795e-05,1.0,5.330010778131006e-13,7.296636134162583
31622.776601683792,5.623413251903491e-05,0.15848931924611143,2.1219149386246112e-15,0.17910049970363828
31622.776601683792,5.623413251903491e-05,0.25118864315095824,8.447495523710427e-15,0.4498801150821549
31622.776601683792,5.623413251903491e-05,0.3981071705534973,3.3630085412076843e-14,1.1300477568808316
31622.776601683792,5.623413251903491e-05,0.6309573444801936,1.338837814887437e-13,2.8385516274668
31622.776601683792,5.623413251903491e-05,1.0,5.330009343148636e-13,7.130119318173284
31622.776601683792,0.01,0.15848931924611143,2.12174364115263e-15,0.14145607994048545
31622.776601683792,0.01,0.25118864315095824,8.446813576191494e-15,0.3553216078570402
31622.776601683792,0.01,0.3981071705534973,3.3627370530104555e-14,0.8925275255982659
31622.776601683792,0.01,0.6309573444801936,1.3387297334893996e-13,2.241927781299105
31622.776601683792,0.01,1.0,5.329579063353015e-13,5.631467974269594
31622.776601683792,0.01778279410038923,0.15848931924611143,2.121618383482254e-15,0.13727336663346848
31622.776601683792,0.01778279410038923,0.25118864315095824,8.446314916424058e-15,0.34481510705424967
31622.776601683792,0.01778279410038923,0.3981071705534973,3.362538532981373e-14,0.8661363887890918
31622.776601683792,0.01778279410038923,0.6309573444801936,1.3386507012423232e-13,2.1756362428360276
31622.776601683792,0.01778279410038923,1.0,5.329264430310355e-13,5.464951158280295
31622.776601683792,0.03162277660168379,0.15848931924611143,2.121410251708056e-15,0.1330906533264515
31622.776601683792,0.03162277660168379,0.25118864315095824,8.445486328906776e-15,0.3343086062514592
31622.776601683792,0.03162277660168379,0.3981071705534973,3.362208666349312e-14,0.8397452519799179
31622.776601683792,0.03162277660168379,0.6309573444801936,1.3385193789707735e-13,2.1093447043729507
31622.776601683792,0.03162277660168379,1.0,5.328741626930781e-13,5.298434342290996
31622.776601683792,0.05623413251903491,0.15848931924611143,2.1210709819410134e-15,0.12890794001943454
31622.776601683792,0.05623413251903491,0.25118864315095824,8.444135671636659e-15,0.32380210544866866
31622.776601683792,0.05623413251903491,0.3981071705534973,3.3616709600051186e-14,0.813354115170744
31622.776601683792,0.05623413251903491,0.6309573444801936,1.338305314219498e-13,2.0430531659098734
31622.776601683792,0.05623413251903491,1.0,5.327889419806326e-13,5.131917526301697
31622.776601683792,0.1,0.15848931924611143,2.1204757834632907e-15,0.12472522671241759
31622.776601683792,0.1,0.25118864315095824,8.44176614381782e-15,0.31329560464587825
31622.776601683792,0.1,0.3981071705534973,3.3607276339896126e-14,0.7869629783615701
31622.776601683792,0.1,0.6309573444801936,1.3379297693685553e-13,1.9767616274467967
31622.776601683792,0.1,1.0,5.326394348826079e-13,4.965400710312399
31622.776601683792,0.1778279410038923,0.15848931924611143,2.1194823360333796e-15,0.1205425134054007
31622.776601683792,0.1778279410038923,0.25118864315095824,8.437811158363665e-15,0.30278910384308794
31622.776601683792,0.1778279410038923,0.3981071705534973,3.359153125920878e-14,0.7605718415523968
31622.776601683792,0.1778279410038923,0.6309573444801936,1.337302946416298e-13,1.9104700889837212
31622.776601683792,0.1778279410038923,1.0,5.323898921706467e-13,4.7988838943231045
31622.776601683792,0.31622776601683794,0.15848931924611143,2.117875962638979e-15,0.11635980009838401
31622.776601683792,0.31622776601683794,0.25118864315095824,8.431416070694692e-15,0.29228260304029813
31622.776601683792,0.31622776601683794,0.3981071705534973,3.356607195663542e-14,0.7341807047432245
31622.776601683792,0.31622776601683794,0.6309573444801936,1.3362893933251235e-13,1.8441785505206483
31622.776601683792,0.31622776601683794,1.0,5.319863894173135e-13,4.632367078333816
31622.776601683792,0.5623413251903491,0.15848931924611143,2.1151341086051095e-15,0.1121770867913679
31622.776601683792,0.5623413251903491,0.25118864315095824,8.420500553179749e-15,0.28177610223750976
31622.776601683792,0.5623413251903491,0.3981071705534973,3.35226164987054e-14,0.707789567934056
31622.776601683792,0.5623413251903491,0.6309573444801936,1.3345594003849608e-13,1.7778870120575847
31622.776601683792,0.5623413251903491,1.0,5.312976668228277e-13,4.465850262344552
17782.794100389227,31.622776601683793,0.1,2.5346896056790777e-15,0.17622178590764423
17782.794100389227,31.622776601683793,0.15848931924611143,1.0090781071482586e-14,0.442649112957798
17782.794100389227,31.622776601683793,0.25118864315095824,4.017212301042724e-14,1.1118843007584451
17782.794100389227,31.622776601683793,0.3981071705534973,1.5992810226808195e-13,2.7929270884836517
17782.794100389227,31.622776601683793,0.6309573444801936,6.366852428593653e-13,7.015515657757646
17782.794100389227,31.622776601683793,1.0,2.5346896056790773e-12,17.62217859076442
17782.794100389227,56.23413251903491,0.1,2.2960428936947788e-15,0.16685785725232827
17782.794100389227,56.23413251903491,0.15848931924611143,9.140711398782938e-15,0.41912798762288617
17782.794100389227,56.23413251903491,0.25118864315095824,3.63898275181558e-14,1.0528019051758437
17782.794100389227,56.23413251903491,0.3981071705534973,1.4487051270182766e-13,2.6445188206786336
17782.794100389227,56.23413251903491,0.6309573444801936,5.767398990835916e-13,6.6427309435343815
17782.794100389227,56.23413251903491,1.0,2.2960428936947783e-12,16.685785725232826
17782.794100389227,100.0,0.1,1.9455364643783026e-15,0.15749392868037476
17782.794100389227,100.0,0.15848931924611143,7.745320170423019e-15,0.3956068624973712
17782.794100389227,100.0,0.25118864315095824,3.083467498078043e-14,0.9937195101192237
17782.794100389227,100.0,0.3981071705534973,1.2275505211535182e-13,2.496110554194821
17782.794100389227,100.0,0.6309573444801936,4.886966646878986e-13,6.2699462326298345
17782.794100389227,100.0,1.0,1.945536464378302e-12,15.749392868037473
17782.794100389227,177.82794100389228,0.1,1.5030006606177722e-15,0.14813000035744434
17782.794100389227,177.82794100389228,0.15848931924611143,5.983553403385793e-15,0.37208573799737404
17782.794100389227,177.82794100389228,0.25118864315095824,2.3820955152776695e-14,0.9346371166338332
17782.794100389227,177.82794100389228,0.3981071705534973,9.483293055753661e-14,2.347702291657759
17782.794100389227,177.82794100389228,0.6309573444801936,3.775366965955723e-13,5.897161531639076
17782.794100389227,177.82794100389228,1.0,1.503000660617772e-12,14.813000035744432
17782.794100389227,316.22776601683796,0.1,1.0068455092555372e-15,0.13876607277585026
17782.794100389227,316.22776601683796,0.15848931924611143,4.008324168742174e-15,0.3485646153595295
17782.794100389227,316.22776601683796,0.25118864315095824,1.5957425934791478e-14,0.8755547278259587
17782.794100389227,316.22776601683796,0.3981071705534973,6.352765688216818e-14,2.1992940408700856
17782.794100389227,316.22776601683796,0.6309573444801936,2.529081573325341e-13,5.524376860161448
17782.794100389227,316.22776601683796,1.0,1.006845509255537e-12,13.876607277585025
17782.794100389227,562.341325190349,0.1,5.075122984353966e-16,0.12940214739264752
17782.794100389227,562.341325190349,0.15848931924611143,2.020442851512181e-15,0.32504349824379436
17782.794100389227,562.341325190349,0.25118864315095824,8.04352786880555e-15,0.8164723528889958
17782.794100389227,562.341325190349,0.3981071705534973,3.2021861211183723e-14,2.0508858249245674
17782.794100389227,562.341325190349,0.6309573444801936,1.274813256264115e-13,5.151592276203356
17782.794100389227,562.341325190349,1.0,5.075122984353965e-13,12.94021473926475
17782.794100389227,1000.0,0.1,1.6969909750453357e-16,0.12003822849992928
17782.794100389227,1000.0,0.15848931924611143,6.755842755301199e-16,0.3015223974314192
17782.794100389227,1000.0,0.25118864315095824,2.6895494440173067e-15,0.7573900189042215
17782.794100389227,1000.0,0.3981071705534973,1.0707289192214593e-14,1.9024777118462957
17782.794100389227,1000.0,0.6309573444801936,4.262648604610597e-14,4.778807950636106
17782.794100389227,1000.0,1.0,1.6969909750453353e-13,12.003822849992927
31622.776601683792,1e-06,0.15848931924611143,2.1219162748100713e-15,0.20837949285275711
31622.776601683792,1e-06,0.25118864315095824,8.447500843160557e-15,0.5234256207016885
31622.776601683792,1e-06,0.3981071705534973,3.363010658918924e-14,1.3147857145450494
31622.776601683792,1e-06,0.6309573444801936,1.338838657963467e-13,3.3025923967083406
31622.776601683792,1e-06,1.0,5.330012699494764e-13,8.295737030098376
31622.776601683792,56.23413251903491,0.25118864315095824,7.143725920699358e-15,0.1977240958384268
31622.776601683792,56.23413251903491,0.3981071705534973,2.843968513499292e-14,0.49666047351904336
31622.776601683792,56.23413251903491,0.6309573444801936,1.1322042580524401e-13,1.2475547044996091
31622.776601683792,56.23413251903491,1.0,4.5073863366187785e-13,3.1337157347985083
31622.776601683792,100.0,0.25118864315095824,6.471128101040424e-15,0.18721759508239533
31622.776601683792,100.0,0.3981071705534973,2.5762024985944235e-14,0.4702693368273228
31622.776601683792,100.0,0.6309573444801936,1.025604687488277e-13,1.1812631663315616
31622.776601683792,100.0,1.0,4.083005802423611e-13,2.9671989195502904
31622.776601683792,177.82794100389228,0.25118864315095824,5.483266763356415e-15,0.17671109441989802
31622.776601683792,177.82794100389228,0.3981071705534973,2.18292781654985e-14,0.4438782003705494
31622.776601683792,177.82794100389228,0.6309573444801936,8.690392165691855e-14,1.1149716287536746
31622.776601683792,177.82794100389228,1.0,3.459707436083858e-13,2.8006821057844893
31622.776601683792,316.22776601683796,0.25118864315095824,4.2360314075643376e-15,0.16620459403680926
31622.776601683792,316.22776601683796,0.3981071705534973,1.686394478041183e-14,0.41748706461561863
31622.776601683792,316.22776601683796,0.6309573444801936,6.71365734090018e-14,1.0486800929387365
31622.776601683792,316.22776601683796,1.0,2.6727551280514824e-13,2.634165296447015
31622.776601683792,562.341325190349,0.25118864315095824,2.8376761977060795e-15,0.15569809448551353
31622.776601683792,562.341325190349,0.3981071705534973,1.1296992420157712e-14,0.3910959309500574
31622.776601683792,562.341325190349,0.6309573444801936,4.4974136881532974e-14,0.9823885623720576
31622.776601683792,562.341325190349,1.0,1.790452638199275e-13,2.467648500292572
31622.776601683792,1000.0,0.25118864315095824,1.4303639993171165e-15,0.14519159740085344
31622.776601683792,1000.0,0.3981071705534973,5.694381646297205e-15,0.36470480348040485
31622.776601683792,1000.0,0.6309573444801936,2.2669741652591484e-14,0.9160970473687975
31622.776601683792,1000.0,1.0,9.024986706491944e-14,2.301131743231669
56234.13251903491,1e-06,0.3981071705534973,5.980372645100507e-15,0.23849871799840483
56234.13251903491,1e-06,0.6309573444801936,2.3808292325964997e-14,0.5990816936726232
56234.13251903491,1e-06,1.0,9.478251893600452e-14,1.5048251777020394
56234.13251903491,1.778279410038923e-06,0.3981071705534973,5.9803726104969525e-15,0.2338056364788774
56234.13251903491,1.778279410038923e-06,0.6309573444801936,2.3808292188205766e-14,0.5872932058817539
56234.13251903491,1.778279410038923e-06,1.0,9.478251838757514e-14,1.4752138351721384
31622.776601683792,1.0,0.15848931924611143,2.1105549926182824e-15,0.10799437348435353
31622.776601683792,1.0,0.25118864315095824,8.402270764088226e-15,0.27126960143472584
31622.776601683792,1.0,0.3981071705534973,3.345004240115528e-14,0.6813984311248986
31622.776601683792,1.0,0.6309573444801936,1.3316701735218454e-13,1.711595473594549
31622.776601683792,1.0,1.0,5.301474448912658e-13,4.299333446355357
31622.776601683792,1.7782794100389228,0.15848931924611143,2.103245375761114e-15,0.10381166017734456
31622.776601683792,1.7782794100389228,0.25118864315095824,8.373170655239853e-15,0.2607631006319554
31622.776601683792,1.7782794100389228,0.3981071705534973,3.333419278119103e-14,0.6550072943157751
31622.776601683792,1.7782794100389228,0.6309573444801936,1.3270581170804787e-13,1.6453039351315986
31622.776601683792,1.7782794100389228,1.0,5.283113521509603e-13,4.132816630366377
31622.776601683792,3.1622776601683795,0.25118864315095824,8.325140912281189e-15,0.250256599829226
31622.776601683792,3.1622776601683795,0.3981071705534973,3.314298293047418e-14,0.6286161575067546
31622.776601683792,3.1622776601683795,0.6309573444801936,1.3194459158153945e-13,1.5790123966689071
31622.776601683792,3.1622776601683795,1.0,5.252808802436339e-13,3.9662998143780466
31622.776601683792,5.623413251903491,0.25118864315095824,8.245524844362654e-15,0.2397500990266212
31622.776601683792,5.623413251903491,0.3981071705534973,3.2826025655177747e-14,0.6022250206980472
31622.776601683792,5.623413251903491,0.6309573444801936,1.3068276194099338e-13,1.5127208582070018
31622.776601683792,5.623413251903491,1.0,5.202574459644505e-13,3.799782998391691
31622.776601683792,10.0,0.25118864315095824,8.121349443773293e-15,0.22924359822439405
31622.776601683792,10.0,0.3981071705534973,3.2331674481367974e-14,0.5758338838902882
31622.776601683792,10.0,0.6309573444801936,1.2871471447034127e-13,1.4464293197474791
31622.776601683792,10.0,1.0,5.124225078638877e-13,3.633266182411321
31622.776601683792,17.78279410038923,0.25118864315095824,7.925820829475894e-15,0.21873709742330935
31622.776601683792,17.78279410038923,0.3981071705534973,3.155326104736614e-14,0.5494427470853991
31622.776601683792,17.78279410038923,0.6309573444801936,1.2561579477302826e-13,1.380137781295165
31622.776601683792,17.78279410038923,1.0,5.0008548633919e-13,3.4667493664490574
31622.776601683792,31.622776601683793,0.25118864315095824,7.61051241709813e-15,0.20823059662567361
31622.776601683792,31.622776601683793,0.3981071705534973,3.029799564833187e-14,0.5230516102891734
31622.776601683792,31.622776601683793,0.6309573444801936,1.2061849320999587e-13,1.3138462428646123
31622.776601683792,31.622776601683793,1.0,4.80190870482576e-13,3.3002325505414563
56234.13251903491,3.162277660168379e-06,0.3981071705534973,5.980372548186747e-15,0.22911255495934996
56234.13251903491,3.162277660168379e-06,0.6309573444801936,2.380829194014437e-14,0.5755047180908845
56234.13251903491,3.162277660168379e-06,1.0,9.478251740002495e-14,1.4456024926422373
56234.13251903491,5.623413251903491e-06,0.3981071705534973,5.9803724403587315e-15,0.22441947343982252
56234.13251903491,5.623413251903491e-06,0.6309573444801936,2.3808291510873308e-14,0.5637162303000152
56234.13251903491,5.623413251903491e-06,1.0,9.478251569106605e-14,1.4159911501123363
56234.13251903491,1e-05,0.3981071705534973,5.980372260253461e-15,0.21972639192029508
56234.13251903491,1e-05,0.6309573444801936,2.3808290793861312e-14,0.5519277425091458
56234.13251903491,1e-05,1.0,9.47825128365899e-14,1.3863798075824352
56234.13251903491,1.778279410038923e-05,0.3981071705534973,5.980371942085414e-15,0.21503331040076762
56234.13251903491,1.778279410038923e-05,0.6309573444801936,2.3808289527211502e-14,0.5401392547182765
56234.13251903491,1.778279410038923e-05,1.0,9.478250779396617e-14,1.3567684650525342
56234.13251903491,3.1622776601683795e-05,0.3981071705534973,5.980371384719454e-15,0.21034022888124018
56234.13251903491,3.1622776601683795e-05,0.6309573444801936,2.380828730829765e-14,0.5283507669274071
56234.13251903491,3.1622776601683795e-05,1.0,9.4782498960311e-14,1.3271571225226333
56234.13251903491,5.623413251903491e-05,0.3981071705534973,5.980370454691358e-15,0.20564714736171275
56234.13251903491,5.623413251903491e-05,0.6309573444801936,2.380828360578911e-14,0.5165622791365377
56234.13251903491,5.623413251903491e-05,1.0,9.478248422035903e-14,1.2975457799927321
56234.13251903491,0.0001,0.3981071705534973,5.980368844614658e-15,0.2009540658421853
56234.13251903491,0.0001,0.6309573444801936,2.3808277195958318e-14,0.5047737913456685
56234.13251903491,0.0001,1.0,9.478245870236303e-14,1.2679344374628312
56234.13251903491,0.00017782794100389227,0.3981071705534973,5.980365989247891e-15,0.19626098432265787
56234.13251903491,0.00017782794100389227,0.6309573444801936,2.380826582853847e-14,0.4929853035547991
56234.13251903491,0.00017782794100389227,1.0,9.47824134478495e-14,1.23832309493293
56234.13251903491,0.01778279410038923,0.3981071705534973,5.979886062743458e-15,0.15871633216643835
56234.13251903491,0.01778279410038923,0.6309573444801936,2.3806355206710936e-14,0.3986774012278443
56234.13251903491,0.01778279410038923,1.0,9.477480712535192e-14,1.0014323546937218
56234.13251903491,0.03162277660168379,0.3981071705534973,5.979533038663259e-15,0.15402325064691091
56234.13251903491,0.03162277660168379,0.6309573444801936,2.3804949792533885e-14,0.38688891343697496
56234.13251903491,0.03162277660168379,1.0,9.476921207073712e-14,0.9718210121638209
56234.13251903491,0.05623413251903491,0.3981071705534973,5.978946443623407e-15,0.14933016912738348
56234.13251903491,0.05623413251903491,0.6309573444801936,2.380261451561812e-14,0.37510042564610563
56234.13251903491,0.05623413251903491,1.0,9.475991516588317e-14,0.9422096696339198
56234.13251903491,0.1,0.3981071705534973,5.97799025150288e-15,0.14463708760785604
56234.13251903491,0.1,0.6309573444801936,2.3798807846222037e-14,0.3633119378552363
56234.13251903491,0.1,1.0,9.474476054205811e-14,0.9125983271040189
56234.13251903491,0.1778279410038923,0.3981071705534973,5.976312754272552e-15,0.13994400608832863
56234.13251903491,0.1778279410038923,0.6309573444801936,2.3792129609462264e-14,0.351523450064367
56234.13251903491,0.1778279410038923,1.0,9.47181740026509e-14,0.8829869845741181
56234.13251903491,0.31622776601683794,0.3981071705534973,5.9735128389929826e-15,0.1352509245688013
56234.13251903491,0.31622776601683794,0.6309573444801936,2.3780982945964874e-14,0.3397349622734979
56234.13251903491,0.31622776601683794,1.0,9.467379833599032e-14,0.8533756420442177
56234.13251903491,0.5623413251903491,0.3981071705534973,5.968985463636966e-15,0.13055784304927417
56234.13251903491,0.5623413251903491,0.6309573444801936,2.3762959140034702e-14,0.32794647448262937
56234.13251903491,0.5623413251903491,1.0,9.460204427217566e-14,0.8237642995143186
56234.13251903491,1.0,0.3981071705534973,5.96125786902789e-15,0.1258647615297477
56234.13251903491,1.0,0.6309573444801936,2.3732195031784663e-14,0.3161579866917625
56234.13251903491,1.0,1.0,9.447957015127542e-14,0.7941529569844237
56234.13251903491,0.00031622776601683794,0.3981071705534973,5.9803612320143624e-15,0.19156790280313044
56234.13251903491,0.00031622776601683794,0.6309573444801936,2.3808246889650674e-14,0.48119681576392975
56234.13251903491,0.00031622776601683794,1.0,9.478233805077916e-14,1.208711752403029
56234.13251903491,0.0005623413251903491,0.3981071705534973,5.980353170808824e-15,0.186874821283603
56234.13251903491,0.0005623413251903491,0.6309573444801936,2.3808214797413392e-14,0.46940832797306037
56234.13251903491,0.0005623413251903491,1.0,9.478221028928136e-14,1.1791004098731281
56234.13251903491,0.001,0.3981071705534973,5.980338700425099e-15,0.18218173976407556
56234.13251903491,0.001,0.6309573444801936,2.3808157189778176e-14,0.45761984018219104
56234.13251903491,0.001,1.0,9.478198094915478e-14,1.149489067343227
56234.13251903491,0.0017782794100389228,0.3981071705534973,5.9803146457257105e-15,0.1774886582445481
56234.13251903491,0.0017782794100389228,0.6309573444801936,2.3808061426295057e-14,0.4458313523913217
56234.13251903491,0.0017782794100389228,1.0,9.47815997078617e-14,1.119877724813326
56234.13251903491,0.0031622776601683794,0.3981071705534973,5.980274803152983e-15,0.17279557672502066
56234.13251903491,0.0031622776601683794,0.6309573444801936,2.3807902810156092e-14,0.4340428646004523
56234.13251903491,0.0031622776601683794,1.0,9.478096824563883e-14,1.0902663822834249
56234.13251903491,0.005623413251903491,0.3981071705534973,5.980202445669349e-15,0.16810249520549322
56234.13251903491,0.005623413251903491,0.6309573444801936,2.3807614749825315e-14,0.422254376809583
56234.13251903491,0.005623413251903491,1.0,9.477982145680648e-14,1.060655039753524
56234.13251903491,0.01,0.3981071705534973,5.9800825539135684e-15,0.1634094136859658
56234.13251903491,0.01,0.6309573444801936,2.380713745214865e-14,0.41046588901871367
56234.13251903491,0.01,1.0,9.47779213005308e-14,1.031043697223623
100000.0,5.623413251903491e-06,0.6309573444801936,4.2337795345354375e-15,0.10234081905612748
100000.0,5.623413251903491e-06,1.0,1.685497991241203e-14,0.2570685147766634
100000.0,1e-05,0.6309573444801936,4.233779458199048e-15,0.10024449654472765
100000.0,1e-05,1.0,1.6854979608511388e-14,0.25180279070421013
100000.0,1.778279410038923e-05,1.0,1.6854979100905772e-14,0.24653706663175684
100000.0,3.1622776601683795e-05,1.0,1.6854978204186376e-14,0.24127134255930355
100000.0,5.623413251903491e-05,1.0,1.6854976633315668e-14,0.23600561848685025
100000.0,0.0001,1.0,1.6854974012140357e-14,0.230739894414397
100000.0,0.00017782794100389227,1.0,1.6854969474327668e-14,0.2254741703419437
100000.0,0.00031622776601683794,1.0,1.6854961426810708e-14,0.2202084462694904
56234.13251903491,177.82794100389228,0.6309573444801936,1.8238116985998067e-14,0.2100615966524799
56234.13251903491,177.82794100389228,1.0,7.260725149519356e-14,0.5276508744126018
56234.13251903491,316.22776601683796,0.6309573444801936,1.5453945453413386e-14,0.19827310901902212
56234.13251903491,316.22776601683796,1.0,6.152326498346477e-14,0.4980395322781009
56234.13251903491,562.341325190349,0.6309573444801936,1.1938758615379459e-14,0.18648462169906588
56234.13251903491,562.341325190349,1.0,4.752905412289897e-14,0.4684281909310801
56234.13251903491,1000.0,0.6309573444801936,7.99765816007022e-15,0.17469613531239678
56234.13251903491,1000.0,1.0,3.183925061159639e-14,0.4388168519283706
100000.0,1e-06,0.6309573444801936,4.233779617802375e-15,0.10862978659032693
100000.0,1e-06,1.0,1.6854980243903677e-14,0.27286568699402325
100000.0,1.778279410038923e-06,0.6309573444801936,4.233779603145125e-15,0.10653346407892711
100000.0,1.778279410038923e-06,1.0,1.6854980185552115e-14,0.26759996292157
100000.0,3.162277660168379e-06,0.6309573444801936,4.233779578647684e-15,0.1044371415675273
100000.0,3.162277660168379e-06,1.0,1.685498008802605e-14,0.2623342388491167
56234.13251903491,1.7782794100389228,0.3981071705534973,5.948352166690335e-15,0.1211716800102232
56234.13251903491,1.7782794100389228,0.6309573444801936,2.368081650536857e-14,0.3043694989009005
56234.13251903491,1.7782794100389228,1.0,9.427502855348823e-14,0.7645416144545413
56234.13251903491,3.1622776601683795,0.3981071705534973,5.927750867306009e-15,0.11647859849070473
56234.13251903491,3.1622776601683795,0.6309573444801936,2.359880125529237e-14,0.2925810111100537
56234.13251903491,3.1622776601683795,1.0,9.39485199619875e-14,0.7349302719246968
56234.13251903491,5.623413251903491,0.3981071705534973,5.89374841325337e-15,0.11178551697120459
56234.13251903491,5.623413251903491,0.6309573444801936,2.3463435047544658e-14,0.2807925233192529
56234.13251903491,5.623413251903491,1.0,9.340961738243751e-14,0.7053189293949681
56234.13251903491,10.0,0.3981071705534973,5.837384553601205e-15,0.10709243545176012
56234.13251903491,10.0,0.6309573444801936,2.3239046480668678e-14,0.269004035528592
56234.13251903491,10.0,1.0,9.251631040780201e-14,0.6757075868655905
56234.13251903491,17.78279410038923,0.3981071705534973,5.749475102229752e-15,0.10239935393248432
56234.13251903491,17.78279410038923,0.6309573444801936,2.2889072651164686e-14,0.25721554773835476
56234.13251903491,17.78279410038923,1.0,9.112303949748595e-14,0.6460962443372772
56234.13251903491,31.622776601683793,0.6309573444801936,2.233799814205511e-14,0.24542705994939934
56234.13251903491,31.622776601683793,1.0,8.892917236162824e-14,0.6164849018121838
56234.13251903491,56.23413251903491,0.6309573444801936,2.1449338294525525e-14,0.23363857216431375
56234.13251903491,56.23413251903491,1.0,8.539135378678319e-14,0.586873559296811
56234.13251903491,100.0,0.6309573444801936,2.013375520053049e-14,0.22185008439088472
56234.13251903491,100.0,1.0,8.015392315499942e-14,0.557262216810718
100000.0,0.05623413251903491,1.0,1.6852613853100397e-14,0.17281692961741082
100000.0,0.1,1.0,1.685096060365251e-14,0.16755120554495753
100000.0,0.1778279410038923,1.0,1.684826568810101e-14,0.16228548147250427
100000.0,0.31622776601683794,1.0,1.6843537858539807e-14,0.157019757400051
100000.0,0.5623413251903491,1.0,1.6835646625106882e-14,0.15175403332759785
100000.0,1.0,1.0,1.682288674768006e-14,0.14648830925514492
100000.0,1.7782794100389228,1.0,1.6801107426934107e-14,0.1412225851826927
100000.0,0.0005623413251903491,1.0,1.685494801910493e-14,0.2149427221970371
100000.0,0.001,1.0,1.6854925299540838e-14,0.20967699812458382
100000.0,0.0017782794100389228,1.0,1.6854884516458336e-14,0.20441127405213055
100000.0,0.0031622776601683794,1.0,1.6854816721104165e-14,0.19914554997967726
100000.0,0.005623413251903491,1.0,1.685470442947725e-14,0.19387982590722397
100000.0,0.01,1.0,1.6854500498380427e-14,0.18861410183477068
100000.0,0.01778279410038923,1.0,1.6854162597502337e-14,0.18334837776231738
100000.0,0.03162277660168379,1.0,1.6853608810142352e-14,0.17808265368986412
100000.0,3.1622776601683795,1.0,1.6764734215749964e-14,0.13595686111024272
100000.0,5.623413251903491,1.0,1.6706671865203313e-14,0.1306911370377995
100000.0,10.0,1.0,1.6610839929080248e-14,0.12542541296537685
100000.0,17.78279410038923,1.0,1.64519849890964e-14,0.12015968889301665
100000.0,31.622776601683793,1.0,1.620422249185428e-14,0.11489396482084571
100000.0,56.23413251903491,1.0,1.5814091616248597e-14,0.10962824074924735
100000.0,100.0,1.0,1.5184968623438575e-14,0.10436251667937758
